product_name,price,discount,date,source
Dell Inspiron 15,55000.0,10.0,2023-11-23,Amazon
Dell Inspiron 15,54000.0,12.0,2023-12-20,Flipkart
Dell Inspiron 15,57000.0,8.0,2024-12-08,eBay
HP Pavilion 14,62000.0,15.0,2024-11-26,Amazon
HP Pavilion 14,60000.0,18.0,2023-09-11,Flipkart
HP Pavilion 14,64000.0,10.0,2024-07-22,eBay
Lenovo IdeaPad 3,48000.0,8.0,2023-03-30,Amazon
Lenovo IdeaPad 3,47000.0,10.0,2024-10-28,Flipkart
Lenovo IdeaPad 3,49000.0,6.0,2023-12-30,eBay
ASUS VivoBook 15,52000.0,12.0,2023-11-03,Amazon
ASUS VivoBook 15,51000.0,14.0,2024-06-09,Flipkart
ASUS VivoBook 15,53000.0,10.0,2024-11-06,eBay
MacBook Air M2,95000.0,5.0,2023-07-09,Amazon
MacBook Air M2,94000.0,7.0,2023-05-01,Flipkart
MacBook Air M2,96000.0,4.0,2024-08-30,eBay
Acer Aspire 5,42000.0,10.0,2023-07-28,Amazon
Acer Aspire 5,41000.0,12.0,2023-08-23,Flipkart
Acer Aspire 5,43000.0,8.0,2024-04-16,eBay
Dell Inspiron 15,78879.1,19.0,2023-06-08,Amazon
MacBook Air M2,51362.74,18.0,2024-10-29,Flipkart
MacBook Air M2,57190.06,12.0,2023-11-13,eBay
Acer Aspire 5,79538.39,5.0,2024-10-20,Amazon
HP Pavilion 14,64726.47,14.0,2023-07-27,Flipkart
Acer Aspire 5,59118.42,10.0,2024-06-24,eBay
Acer Aspire 5,51362.74,16.0,2023-11-16,Amazon
Dell Inspiron 15,60280.52,19.0,2023-07-31,Flipkart
Dell Inspiron 15,61882.63,7.0,2025-02-05,eBay
MacBook Air M2,52329.17,19.0,2023-06-21,Amazon
Dell Inspiron 15,57190.06,6.0,2024-11-12,Flipkart
Dell Inspiron 15,61882.63,8.0,2023-10-21,eBay
ASUS VivoBook 15,52703.51,13.0,2023-12-28,Amazon
HP Pavilion 14,63833.59,18.0,2023-06-26,Flipkart
Dell Inspiron 15,71016.97,14.0,2023-04-16,eBay
HP Pavilion 14,71815.33,19.0,2024-12-02,Amazon
Acer Aspire 5,63363.13,7.0,2024-10-14,Flipkart
MacBook Air M2,71016.97,19.0,2025-02-17,eBay
ASUS VivoBook 15,71815.33,18.0,2023-10-16,Amazon
MacBook Air M2,71016.97,17.0,2024-09-01,Flipkart
Lenovo IdeaPad 3,61732.01,18.0,2024-08-10,eBay
Dell Inspiron 15,68559.28,19.0,2024-05-16,Amazon
ASUS VivoBook 15,79207.84,7.0,2023-06-24,Flipkart
Lenovo IdeaPad 3,73949.84,16.0,2024-05-23,eBay
HP Pavilion 14,52703.51,13.0,2023-09-02,Amazon
Dell Inspiron 15,69302.54,9.0,2025-03-01,Flipkart
Dell Inspiron 15,57190.06,7.0,2024-01-17,eBay
Lenovo IdeaPad 3,78879.1,12.0,2024-06-22,Amazon
ASUS VivoBook 15,64697.92,10.0,2023-04-29,Flipkart
ASUS VivoBook 15,58891.44,19.0,2023-04-30,eBay
HP Pavilion 14,59004.12,16.0,2024-02-13,Amazon
Dell Inspiron 15,58891.44,8.0,2024-04-20,Flipkart
MacBook Air M2,61882.63,19.0,2023-05-12,eBay
Lenovo IdeaPad 3,79207.84,12.0,2023-11-30,Amazon
HP Pavilion 14,66245.18,19.0,2025-02-16,Flipkart
MacBook Air M2,61518.91,19.0,2024-02-29,eBay
Dell Inspiron 15,72545.64,18.0,2023-10-24,Amazon
ASUS VivoBook 15,57476.74,18.0,2024-05-14,Flipkart
MacBook Air M2,66671.18,10.0,2023-04-21,eBay
Lenovo IdeaPad 3,79538.39,10.0,2024-12-26,Amazon
ASUS VivoBook 15,64377.65,9.0,2023-04-15,Flipkart
HP Pavilion 14,60342.61,19.0,2024-06-26,eBay
HP Pavilion 14,52703.51,19.0,2024-06-26,Amazon
ASUS VivoBook 15,68909.5,14.0,2023-09-25,Flipkart
MacBook Air M2,68909.5,8.0,2024-01-03,eBay
Acer Aspire 5,72545.64,9.0,2024-11-05,Amazon
Lenovo IdeaPad 3,68909.5,8.0,2023-12-05,Flipkart
ASUS VivoBook 15,63833.59,9.0,2023-05-07,eBay
Acer Aspire 5,59561.18,8.0,2023-03-30,Amazon
Lenovo IdeaPad 3,58891.44,13.0,2023-07-04,Flipkart
HP Pavilion 14,68673.38,16.0,2023-04-06,eBay
ASUS VivoBook 15,58924.67,12.0,2023-03-21,Amazon
HP Pavilion 14,54997.76,16.0,2024-08-18,Flipkart
Dell Inspiron 15,55309.26,6.0,2025-03-15,eBay
Dell Inspiron 15,70861.03,5.0,2024-02-01,Amazon
ASUS VivoBook 15,71371.37,15.0,2023-07-21,Flipkart
ASUS VivoBook 15,71972.57,8.0,2024-10-24,eBay
Lenovo IdeaPad 3,59884.82,20.0,2024-05-22,Amazon
Acer Aspire 5,79612.73,11.0,2023-12-15,Flipkart
Lenovo IdeaPad 3,76717.79,17.0,2023-05-29,eBay
ASUS VivoBook 15,66625.74,17.0,2025-02-06,Amazon
ASUS VivoBook 15,53123.0,20.0,2023-11-20,Flipkart
MacBook Air M2,74003.88,19.0,2024-03-17,eBay
Lenovo IdeaPad 3,66173.39,20.0,2023-12-15,Amazon
ASUS VivoBook 15,77495.67,14.0,2024-05-26,Flipkart
Dell Inspiron 15,68424.72,9.0,2024-09-12,eBay
MacBook Air M2,60822.21,18.0,2023-12-07,Amazon
Acer Aspire 5,54420.8,19.0,2023-03-26,Flipkart
Acer Aspire 5,62763.15,8.0,2023-10-02,eBay
Dell Inspiron 15,66973.07,13.0,2025-01-20,Amazon
Dell Inspiron 15,79779.59,12.0,2024-12-11,Flipkart
Dell Inspiron 15,77683.02,14.0,2023-07-25,eBay
HP Pavilion 14,75431.99,7.0,2024-02-08,Amazon
ASUS VivoBook 15,69821.91,9.0,2024-09-02,Flipkart
Acer Aspire 5,58243.08,20.0,2023-04-15,eBay
ASUS VivoBook 15,54107.53,15.0,2024-10-31,Amazon
Dell Inspiron 15,74285.56,9.0,2024-08-05,Flipkart
Dell Inspiron 15,60515.17,18.0,2023-10-10,eBay
Dell Inspiron 15,77965.25,17.0,2023-07-19,Amazon
Dell Inspiron 15,68214.24,13.0,2024-02-27,Flipkart
Dell Inspiron 15,65629.47,6.0,2024-11-18,eBay
MacBook Air M2,65481.88,5.0,2024-02-28,Amazon
Dell Inspiron 15,59865.32,12.0,2024-04-22,Flipkart
ASUS VivoBook 15,69972.82,15.0,2023-12-27,eBay
HP Pavilion 14,76450.88,17.0,2023-03-20,Amazon
Acer Aspire 5,69747.19,12.0,2025-03-12,Flipkart
HP Pavilion 14,63634.46,6.0,2023-05-10,eBay
Dell Inspiron 15,56838.31,17.0,2024-07-09,Amazon
Lenovo IdeaPad 3,55066.36,10.0,2024-01-02,Flipkart
HP Pavilion 14,67962.42,12.0,2024-12-13,eBay
MacBook Air M2,57133.84,7.0,2023-05-01,Amazon
ASUS VivoBook 15,70147.81,17.0,2024-03-14,Flipkart
MacBook Air M2,64220.82,17.0,2024-10-18,eBay
HP Pavilion 14,64992.86,15.0,2023-11-13,Amazon
MacBook Air M2,69248.61,16.0,2024-03-11,Flipkart
Acer Aspire 5,74776.39,16.0,2024-11-01,eBay
HP Pavilion 14,79835.69,17.0,2023-10-24,Amazon
MacBook Air M2,55123.31,8.0,2023-11-18,Flipkart
Lenovo IdeaPad 3,65084.49,9.0,2025-02-24,eBay
Dell Inspiron 15,58110.76,18.0,2025-01-11,Amazon
Lenovo IdeaPad 3,72947.51,17.0,2024-07-23,Flipkart
ASUS VivoBook 15,66591.46,19.0,2024-01-24,eBay
Dell Inspiron 15,74458.73,14.0,2025-03-09,Amazon
ASUS VivoBook 15,52930.6,18.0,2023-11-02,Flipkart
Lenovo IdeaPad 3,61815.05,19.0,2023-05-22,eBay
ASUS VivoBook 15,56706.66,8.0,2023-05-10,Amazon
Acer Aspire 5,72623.37,18.0,2023-06-07,Flipkart
ASUS VivoBook 15,64876.15,14.0,2024-06-27,eBay
Dell Inspiron 15,76038.12,10.0,2024-08-07,Amazon
Dell Inspiron 15,69145.81,15.0,2023-11-21,Flipkart
Lenovo IdeaPad 3,57880.18,18.0,2024-11-06,eBay
ASUS VivoBook 15,69831.04,13.0,2024-09-26,Amazon
MacBook Air M2,51865.6,17.0,2023-09-14,Flipkart
Acer Aspire 5,78995.12,11.0,2024-10-15,eBay
MacBook Air M2,69993.8,10.0,2024-08-27,Amazon
ASUS VivoBook 15,64567.73,5.0,2023-04-26,Flipkart
MacBook Air M2,77421.76,19.0,2024-11-07,eBay
Lenovo IdeaPad 3,72124.85,10.0,2023-06-25,Amazon
HP Pavilion 14,51938.96,6.0,2023-12-14,Flipkart
MacBook Air M2,72600.39,18.0,2025-02-05,eBay
HP Pavilion 14,68390.51,13.0,2023-05-15,Amazon
HP Pavilion 14,74057.05,13.0,2023-05-28,Flipkart
MacBook Air M2,79796.54,14.0,2023-07-26,eBay
HP Pavilion 14,78176.69,13.0,2025-02-12,Amazon
Acer Aspire 5,53005.4,20.0,2024-04-07,Flipkart
Dell Inspiron 15,65268.32,18.0,2024-11-11,eBay
Dell Inspiron 15,71718.7,14.0,2024-02-01,Amazon
HP Pavilion 14,65083.71,15.0,2024-05-29,Flipkart
ASUS VivoBook 15,78858.18,14.0,2024-05-02,eBay
Dell Inspiron 15,61268.42,20.0,2024-12-19,Amazon
MacBook Air M2,51556.53,18.0,2024-12-23,Flipkart
Acer Aspire 5,63995.92,13.0,2023-05-25,eBay
Lenovo IdeaPad 3,63065.42,15.0,2023-09-23,Amazon
Dell Inspiron 15,79703.62,18.0,2025-03-17,Flipkart
ASUS VivoBook 15,71733.05,9.0,2024-11-17,eBay
HP Pavilion 14,55874.49,6.0,2025-01-20,Amazon
Dell Inspiron 15,65392.06,18.0,2023-04-03,Flipkart
MacBook Air M2,75127.86,20.0,2023-07-21,eBay
Lenovo IdeaPad 3,68762.72,16.0,2023-05-30,Amazon
HP Pavilion 14,65419.14,6.0,2023-05-20,Flipkart
ASUS VivoBook 15,73254.31,12.0,2024-08-04,eBay
HP Pavilion 14,51082.16,5.0,2024-04-21,Amazon
Dell Inspiron 15,73002.83,10.0,2024-02-10,Flipkart
MacBook Air M2,73856.99,10.0,2024-11-12,eBay
MacBook Air M2,66236.82,19.0,2024-02-14,Amazon
Dell Inspiron 15,56670.23,5.0,2024-05-11,Flipkart
Acer Aspire 5,74347.32,19.0,2024-09-19,eBay
Dell Inspiron 15,75594.69,5.0,2024-12-19,Amazon
Lenovo IdeaPad 3,78355.93,13.0,2024-03-09,Flipkart
MacBook Air M2,71047.73,15.0,2024-10-06,eBay
ASUS VivoBook 15,76288.19,9.0,2024-11-23,Amazon
Dell Inspiron 15,69723.31,17.0,2023-05-24,Flipkart
ASUS VivoBook 15,53782.44,5.0,2023-10-08,eBay
HP Pavilion 14,57471.89,6.0,2024-02-27,Amazon
ASUS VivoBook 15,62328.74,14.0,2023-11-13,Flipkart
Dell Inspiron 15,59223.65,9.0,2023-10-18,eBay
Dell Inspiron 15,55775.66,20.0,2023-12-23,Amazon
Dell Inspiron 15,58506.55,7.0,2023-06-21,Flipkart
Lenovo IdeaPad 3,61030.23,11.0,2024-09-20,eBay
MacBook Air M2,61850.44,6.0,2024-01-18,Amazon
Dell Inspiron 15,68674.06,15.0,2023-07-07,Flipkart
Lenovo IdeaPad 3,76536.86,12.0,2023-06-19,eBay
ASUS VivoBook 15,51045.12,20.0,2024-02-16,Amazon
Dell Inspiron 15,50562.62,9.0,2024-04-09,Flipkart
MacBook Air M2,67460.99,5.0,2023-11-17,eBay
Dell Inspiron 15,58614.66,19.0,2025-01-23,Amazon
MacBook Air M2,53736.27,11.0,2023-10-15,Flipkart
Dell Inspiron 15,78500.06,20.0,2023-04-07,eBay
Acer Aspire 5,50916.74,14.0,2023-06-10,Amazon
Acer Aspire 5,70637.06,6.0,2024-10-15,Flipkart
MacBook Air M2,50707.86,16.0,2024-04-20,eBay
Dell Inspiron 15,50290.04,11.0,2024-01-21,Amazon
Lenovo IdeaPad 3,75117.63,16.0,2024-10-22,Flipkart
Lenovo IdeaPad 3,64907.49,13.0,2023-08-05,eBay
Acer Aspire 5,67622.65,7.0,2023-03-25,Amazon
Acer Aspire 5,70493.6,15.0,2024-04-01,Flipkart
MacBook Air M2,75759.88,6.0,2024-12-31,eBay
Lenovo IdeaPad 3,57189.85,16.0,2025-01-02,Amazon
Lenovo IdeaPad 3,57850.45,12.0,2024-12-14,Flipkart
Dell Inspiron 15,69467.54,5.0,2024-11-28,eBay
Lenovo IdeaPad 3,58731.01,13.0,2024-06-04,Amazon
Dell Inspiron 15,75250.3,18.0,2024-01-28,Flipkart
Lenovo IdeaPad 3,56752.07,9.0,2024-03-19,eBay
ASUS VivoBook 15,51594.34,7.0,2024-03-04,Amazon
Lenovo IdeaPad 3,50999.84,5.0,2025-03-16,Flipkart
Acer Aspire 5,56600.85,17.0,2023-12-16,eBay
Dell Inspiron 15,78656.02,6.0,2024-11-07,Amazon
Lenovo IdeaPad 3,56383.33,7.0,2024-11-20,Flipkart
HP Pavilion 14,57467.57,19.0,2024-08-07,eBay
HP Pavilion 14,55533.62,7.0,2024-10-16,Amazon
Lenovo IdeaPad 3,66176.06,8.0,2024-10-06,Flipkart
Lenovo IdeaPad 3,59967.33,16.0,2024-02-02,eBay
HP Pavilion 14,55602.44,15.0,2024-07-26,Amazon
MacBook Air M2,69201.4,13.0,2024-01-31,Flipkart
Acer Aspire 5,71061.64,8.0,2024-11-14,eBay
ASUS VivoBook 15,50506.68,19.0,2024-05-01,Amazon
Acer Aspire 5,53220.45,15.0,2024-12-22,Flipkart
HP Pavilion 14,71241.02,19.0,2024-04-24,eBay
MacBook Air M2,62731.22,19.0,2024-05-30,Amazon
MacBook Air M2,69347.38,5.0,2023-08-13,Flipkart
Acer Aspire 5,59926.59,10.0,2024-02-17,eBay
Dell Inspiron 15,56178.41,18.0,2025-02-07,Amazon
MacBook Air M2,55597.11,14.0,2024-07-01,Flipkart
MacBook Air M2,73826.13,15.0,2025-01-15,eBay
HP Pavilion 14,50162.81,10.0,2024-05-19,Amazon
ASUS VivoBook 15,50311.15,13.0,2023-05-07,Flipkart
Lenovo IdeaPad 3,62955.63,8.0,2024-08-10,eBay
ASUS VivoBook 15,56727.13,14.0,2023-10-03,Amazon
Lenovo IdeaPad 3,79364.22,10.0,2024-03-14,Flipkart
ASUS VivoBook 15,73809.17,11.0,2023-09-05,eBay
MacBook Air M2,77508.28,20.0,2025-02-07,Amazon
Lenovo IdeaPad 3,71627.77,11.0,2023-06-13,Flipkart
HP Pavilion 14,71446.22,8.0,2024-05-17,eBay
HP Pavilion 14,51129.06,17.0,2023-04-26,Amazon
HP Pavilion 14,75308.24,16.0,2023-10-01,Flipkart
Acer Aspire 5,76728.5,7.0,2024-06-24,eBay
MacBook Air M2,67688.28,12.0,2025-01-07,Amazon
Acer Aspire 5,51397.83,17.0,2024-03-24,Flipkart
Dell Inspiron 15,67198.08,5.0,2024-02-22,eBay
MacBook Air M2,52161.21,18.0,2025-02-02,Amazon
Acer Aspire 5,70877.43,6.0,2025-02-13,Flipkart
Acer Aspire 5,65684.81,7.0,2023-05-03,eBay
ASUS VivoBook 15,54630.72,20.0,2025-01-13,Amazon
Lenovo IdeaPad 3,79328.3,16.0,2023-09-01,Flipkart
MacBook Air M2,64356.53,20.0,2024-01-24,eBay
Acer Aspire 5,65929.95,10.0,2023-04-28,Amazon
ASUS VivoBook 15,61553.36,14.0,2023-07-19,Flipkart
Lenovo IdeaPad 3,55180.06,15.0,2023-12-11,eBay
Lenovo IdeaPad 3,79009.11,18.0,2024-02-16,Amazon
Lenovo IdeaPad 3,65017.42,6.0,2025-03-16,Flipkart
ASUS VivoBook 15,67205.13,13.0,2023-05-07,eBay
HP Pavilion 14,53964.11,10.0,2024-11-09,Amazon
Lenovo IdeaPad 3,62358.51,13.0,2024-12-23,Flipkart
Dell Inspiron 15,62226.21,9.0,2023-12-28,eBay
Lenovo IdeaPad 3,61794.11,16.0,2023-10-13,Amazon
Lenovo IdeaPad 3,78043.22,15.0,2024-07-01,Flipkart
Lenovo IdeaPad 3,63305.76,12.0,2023-08-01,eBay
Acer Aspire 5,64573.59,19.0,2025-03-05,Amazon
HP Pavilion 14,54268.3,9.0,2025-02-03,Flipkart
Acer Aspire 5,64779.98,11.0,2024-01-28,eBay
Acer Aspire 5,60882.7,6.0,2023-06-12,Amazon
Acer Aspire 5,75853.39,14.0,2023-10-01,Flipkart
Acer Aspire 5,51084.28,20.0,2023-05-30,eBay
MacBook Air M2,53624.65,15.0,2023-07-24,Amazon
Dell Inspiron 15,66935.63,14.0,2024-04-20,Flipkart
Lenovo IdeaPad 3,67531.13,17.0,2023-07-06,eBay
Lenovo IdeaPad 3,58719.33,12.0,2024-11-08,Amazon
Lenovo IdeaPad 3,79749.96,17.0,2024-12-23,Flipkart
Acer Aspire 5,60368.3,8.0,2024-11-02,eBay
MacBook Air M2,63146.77,11.0,2024-03-18,Amazon
Acer Aspire 5,57839.81,12.0,2024-03-14,Flipkart
Dell Inspiron 15,67408.17,18.0,2024-08-31,eBay
ASUS VivoBook 15,50154.85,9.0,2024-10-22,Amazon
Acer Aspire 5,66470.38,6.0,2024-07-19,Flipkart
HP Pavilion 14,50238.49,13.0,2024-12-07,eBay
MacBook Air M2,59791.7,15.0,2024-07-06,Amazon
Lenovo IdeaPad 3,78685.3,14.0,2024-08-19,Flipkart
MacBook Air M2,75091.03,17.0,2024-11-08,eBay
MacBook Air M2,73141.14,20.0,2024-10-27,Amazon
Lenovo IdeaPad 3,69636.96,5.0,2024-11-08,Flipkart
Acer Aspire 5,55161.91,9.0,2023-05-17,eBay
Acer Aspire 5,54135.72,16.0,2025-03-04,Amazon
Lenovo IdeaPad 3,74697.66,18.0,2023-07-12,Flipkart
Acer Aspire 5,56559.55,11.0,2024-09-28,eBay
Lenovo IdeaPad 3,53053.9,19.0,2024-11-06,Amazon
MacBook Air M2,64920.66,20.0,2025-03-05,Flipkart
Lenovo IdeaPad 3,76852.59,7.0,2023-09-22,eBay
Acer Aspire 5,77791.92,12.0,2023-09-09,Amazon
ASUS VivoBook 15,67187.92,14.0,2023-05-14,Flipkart
HP Pavilion 14,57232.6,9.0,2025-03-17,eBay
Dell Inspiron 15,58846.57,7.0,2024-08-02,Amazon
ASUS VivoBook 15,54610.34,12.0,2024-09-23,Flipkart
MacBook Air M2,73221.53,18.0,2025-01-27,eBay
Acer Aspire 5,57365.84,9.0,2024-11-23,Amazon
Dell Inspiron 15,50119.97,20.0,2023-12-24,Flipkart
HP Pavilion 14,60558.54,13.0,2023-11-07,eBay
Acer Aspire 5,75735.42,17.0,2023-08-02,Amazon
Dell Inspiron 15,51687.71,10.0,2023-10-24,Flipkart
MacBook Air M2,79955.09,16.0,2024-01-15,eBay
Acer Aspire 5,57801.63,6.0,2024-02-26,Amazon
Dell Inspiron 15,70337.11,8.0,2023-10-10,Flipkart
Lenovo IdeaPad 3,78403.74,15.0,2023-04-29,eBay
MacBook Air M2,79474.42,10.0,2024-06-24,Amazon
ASUS VivoBook 15,61353.32,8.0,2024-09-18,Flipkart
Acer Aspire 5,78174.85,7.0,2023-10-30,eBay
Acer Aspire 5,57111.89,17.0,2025-01-17,Amazon
Dell Inspiron 15,78765.36,16.0,2025-01-25,Flipkart
HP Pavilion 14,66150.21,10.0,2024-01-30,eBay
Dell Inspiron 15,71522.72,11.0,2025-02-07,Amazon
Acer Aspire 5,71360.28,14.0,2024-06-02,Flipkart
Lenovo IdeaPad 3,60208.68,9.0,2024-11-26,eBay
Dell Inspiron 15,62353.14,15.0,2023-12-05,Amazon
MacBook Air M2,77023.06,20.0,2023-06-26,Flipkart
Lenovo IdeaPad 3,59377.97,8.0,2024-03-02,eBay
Lenovo IdeaPad 3,50041.18,19.0,2023-12-05,Amazon
HP Pavilion 14,69867.81,14.0,2024-07-29,Flipkart
HP Pavilion 14,64727.33,15.0,2023-11-09,eBay
Acer Aspire 5,56087.93,19.0,2025-02-16,Amazon
ASUS VivoBook 15,63089.82,5.0,2023-06-12,Flipkart
Dell Inspiron 15,57391.32,16.0,2023-04-03,eBay
HP Pavilion 14,61700.66,16.0,2024-07-09,Amazon
MacBook Air M2,71339.69,5.0,2025-02-11,Flipkart
Acer Aspire 5,71784.84,19.0,2024-12-04,eBay
HP Pavilion 14,65626.57,7.0,2023-05-25,Amazon
Acer Aspire 5,71087.67,13.0,2023-06-30,Flipkart
Acer Aspire 5,76493.62,14.0,2024-12-26,eBay
MacBook Air M2,73356.99,9.0,2024-07-24,Amazon
HP Pavilion 14,68169.3,14.0,2024-10-08,Flipkart
ASUS VivoBook 15,65159.14,11.0,2024-12-05,eBay
MacBook Air M2,73068.44,17.0,2024-01-04,Amazon
MacBook Air M2,52175.56,20.0,2024-11-11,Flipkart
Dell Inspiron 15,59024.99,9.0,2024-06-04,eBay
Lenovo IdeaPad 3,79311.31,14.0,2024-08-01,Amazon
HP Pavilion 14,68513.15,16.0,2023-05-30,Flipkart
HP Pavilion 14,56624.39,9.0,2024-02-17,eBay
Acer Aspire 5,78946.94,11.0,2024-10-13,Amazon
ASUS VivoBook 15,61382.63,11.0,2024-01-19,Flipkart
ASUS VivoBook 15,65335.2,11.0,2023-06-20,eBay
ASUS VivoBook 15,74767.02,9.0,2024-06-19,Amazon
MacBook Air M2,74595.84,20.0,2023-03-29,Flipkart
ASUS VivoBook 15,54924.57,13.0,2024-10-13,eBay
Dell Inspiron 15,53074.12,11.0,2025-02-15,Amazon
HP Pavilion 14,64515.19,18.0,2025-02-14,Flipkart
MacBook Air M2,62384.7,20.0,2023-08-27,eBay
ASUS VivoBook 15,69585.47,9.0,2024-12-02,Amazon
MacBook Air M2,74480.75,11.0,2024-11-27,Flipkart
Dell Inspiron 15,60816.2,18.0,2023-07-05,eBay
Lenovo IdeaPad 3,67461.19,19.0,2024-10-29,Amazon
MacBook Air M2,79007.42,19.0,2024-02-07,Flipkart
HP Pavilion 14,63443.94,16.0,2023-04-12,eBay
ASUS VivoBook 15,58265.13,9.0,2023-06-23,Amazon
Lenovo IdeaPad 3,64891.46,7.0,2024-08-26,Flipkart
Acer Aspire 5,53684.63,12.0,2024-07-29,eBay
Dell Inspiron 15,66184.27,15.0,2023-03-22,Amazon
MacBook Air M2,64034.33,16.0,2023-10-11,Flipkart
MacBook Air M2,68480.39,7.0,2024-12-05,eBay
Dell Inspiron 15,55829.39,5.0,2023-07-24,Amazon
ASUS VivoBook 15,57702.28,9.0,2024-07-24,Flipkart
Lenovo IdeaPad 3,68368.71,19.0,2024-07-25,eBay
HP Pavilion 14,68671.97,8.0,2023-04-21,Amazon
Acer Aspire 5,51292.06,9.0,2023-08-18,Flipkart
Dell Inspiron 15,50118.15,10.0,2023-04-03,eBay
Lenovo IdeaPad 3,67757.32,7.0,2024-06-18,Amazon
Dell Inspiron 15,60701.9,9.0,2023-05-04,Flipkart
Dell Inspiron 15,58271.68,10.0,2025-01-02,eBay
HP Pavilion 14,56768.38,16.0,2024-04-18,Amazon
MacBook Air M2,66797.89,20.0,2024-05-31,Flipkart
ASUS VivoBook 15,64136.5,17.0,2025-03-10,eBay
HP Pavilion 14,58989.15,7.0,2025-02-16,Amazon
Dell Inspiron 15,52812.25,18.0,2024-07-03,Flipkart
HP Pavilion 14,74735.21,13.0,2024-04-23,eBay
MacBook Air M2,64636.73,18.0,2023-11-27,Amazon
HP Pavilion 14,66455.24,13.0,2023-12-18,Flipkart
Acer Aspire 5,57329.78,11.0,2024-04-19,eBay
Dell Inspiron 15,63402.75,14.0,2024-11-06,Amazon
Acer Aspire 5,78248.8,13.0,2023-06-12,Flipkart
MacBook Air M2,57122.86,11.0,2023-10-09,eBay
Dell Inspiron 15,77666.31,15.0,2024-11-22,Amazon
HP Pavilion 14,63237.37,7.0,2023-07-24,Flipkart
MacBook Air M2,55261.04,13.0,2023-06-02,eBay
Dell Inspiron 15,62356.94,17.0,2024-05-17,Amazon
Acer Aspire 5,53629.16,18.0,2023-10-01,Flipkart
MacBook Air M2,70473.42,12.0,2025-03-02,eBay
HP Pavilion 14,77787.65,18.0,2024-11-25,Amazon
Acer Aspire 5,50414.63,16.0,2023-09-08,Flipkart
HP Pavilion 14,64362.34,9.0,2023-11-18,eBay
Dell Inspiron 15,61971.86,14.0,2023-04-16,Amazon
Lenovo IdeaPad 3,59976.89,12.0,2024-06-03,Flipkart
Dell Inspiron 15,74433.92,16.0,2024-02-07,eBay
Lenovo IdeaPad 3,62412.34,19.0,2024-09-01,Amazon
MacBook Air M2,54101.41,11.0,2024-07-28,Flipkart
Lenovo IdeaPad 3,59013.66,16.0,2024-11-08,eBay
Acer Aspire 5,68101.02,13.0,2024-08-28,Amazon
MacBook Air M2,61189.54,20.0,2023-08-22,Flipkart
Dell Inspiron 15,64862.11,6.0,2024-11-11,eBay
Dell Inspiron 15,50002.22,7.0,2025-03-09,Amazon
Lenovo IdeaPad 3,76458.94,16.0,2024-11-07,Flipkart
ASUS VivoBook 15,66582.61,16.0,2023-12-23,eBay
Lenovo IdeaPad 3,70361.67,10.0,2023-04-25,Amazon
Dell Inspiron 15,50839.69,14.0,2024-10-08,Flipkart
Dell Inspiron 15,56538.22,10.0,2024-01-14,eBay
Lenovo IdeaPad 3,54312.78,20.0,2023-06-15,Amazon
Dell Inspiron 15,55948.1,19.0,2024-05-23,Flipkart
Acer Aspire 5,56396.38,7.0,2024-11-12,eBay
ASUS VivoBook 15,65723.01,14.0,2024-08-29,Amazon
Acer Aspire 5,53059.74,6.0,2024-12-20,Flipkart
ASUS VivoBook 15,59922.89,11.0,2025-02-03,eBay
Dell Inspiron 15,53711.5,18.0,2024-01-28,Amazon
HP Pavilion 14,72650.66,7.0,2024-08-31,Flipkart
HP Pavilion 14,72062.37,13.0,2024-11-19,eBay
HP Pavilion 14,65413.59,8.0,2025-02-10,Amazon
MacBook Air M2,67384.77,8.0,2023-08-02,Flipkart
Lenovo IdeaPad 3,50341.94,14.0,2025-01-27,eBay
HP Pavilion 14,56173.63,20.0,2023-07-23,Amazon
ASUS VivoBook 15,54785.63,7.0,2024-06-18,Flipkart
HP Pavilion 14,79634.78,18.0,2023-12-07,eBay
Dell Inspiron 15,56796.34,9.0,2024-07-08,Amazon
Dell Inspiron 15,79327.46,11.0,2024-03-29,Flipkart
HP Pavilion 14,69965.21,13.0,2024-03-13,eBay
MacBook Air M2,60107.18,7.0,2024-01-04,Amazon
ASUS VivoBook 15,73386.86,11.0,2023-12-20,Flipkart
HP Pavilion 14,76563.88,13.0,2024-09-19,eBay
MacBook Air M2,51094.26,6.0,2024-06-20,Amazon
HP Pavilion 14,51147.14,5.0,2023-11-16,Flipkart
MacBook Air M2,50192.97,7.0,2023-08-04,eBay
Lenovo IdeaPad 3,70808.29,13.0,2024-01-10,Amazon
HP Pavilion 14,79263.83,5.0,2024-07-13,Flipkart
ASUS VivoBook 15,79582.03,7.0,2024-10-06,eBay
ASUS VivoBook 15,75261.36,20.0,2024-07-24,Amazon
Dell Inspiron 15,71606.27,6.0,2024-03-05,Flipkart
MacBook Air M2,77429.35,9.0,2024-03-31,eBay
Lenovo IdeaPad 3,79451.5,5.0,2024-03-17,Amazon
HP Pavilion 14,59022.18,18.0,2024-09-04,Flipkart
Lenovo IdeaPad 3,74260.58,17.0,2023-08-21,eBay
Lenovo IdeaPad 3,54954.03,8.0,2023-10-09,Amazon
Lenovo IdeaPad 3,60992.97,19.0,2023-05-04,Flipkart
Dell Inspiron 15,73934.59,9.0,2025-02-19,eBay
ASUS VivoBook 15,58074.86,15.0,2024-04-28,Amazon
Dell Inspiron 15,67077.71,6.0,2024-02-02,Flipkart
Lenovo IdeaPad 3,56372.33,17.0,2024-01-08,eBay
Acer Aspire 5,75152.96,17.0,2024-04-10,Amazon
ASUS VivoBook 15,77198.21,5.0,2024-12-31,Flipkart
ASUS VivoBook 15,59126.65,6.0,2023-08-19,eBay
Dell Inspiron 15,51128.23,7.0,2023-11-19,Amazon
ASUS VivoBook 15,62227.01,20.0,2023-06-02,Flipkart
Lenovo IdeaPad 3,69172.75,6.0,2025-01-21,eBay
ASUS VivoBook 15,67233.89,5.0,2024-12-10,Amazon
HP Pavilion 14,70067.43,19.0,2023-12-11,Flipkart
ASUS VivoBook 15,57900.28,18.0,2023-11-02,eBay
Dell Inspiron 15,72366.04,10.0,2023-05-08,Amazon
HP Pavilion 14,77022.23,13.0,2024-06-20,Flipkart
Acer Aspire 5,72304.26,16.0,2024-07-27,eBay
Lenovo IdeaPad 3,52348.54,5.0,2024-12-23,Amazon
Acer Aspire 5,75535.0,5.0,2024-05-31,Flipkart
Dell Inspiron 15,53732.85,10.0,2023-07-15,eBay
Dell Inspiron 15,50949.01,14.0,2023-04-25,Amazon
MacBook Air M2,62538.58,17.0,2023-11-07,Flipkart
ASUS VivoBook 15,54030.23,18.0,2024-03-27,eBay
Acer Aspire 5,62094.31,17.0,2023-04-29,Amazon
Acer Aspire 5,74300.48,9.0,2023-09-20,Flipkart
Dell Inspiron 15,70023.92,12.0,2024-02-08,eBay
MacBook Air M2,63307.71,9.0,2023-09-24,Amazon
ASUS VivoBook 15,74780.12,12.0,2023-04-11,Flipkart
Lenovo IdeaPad 3,59522.91,17.0,2025-02-04,eBay
HP Pavilion 14,59539.36,6.0,2023-09-18,Amazon
Lenovo IdeaPad 3,58185.64,8.0,2024-12-27,Flipkart
Dell Inspiron 15,65074.64,9.0,2023-12-13,eBay
Lenovo IdeaPad 3,58018.09,9.0,2024-11-10,Amazon
ASUS VivoBook 15,76564.1,7.0,2025-02-02,Flipkart
Lenovo IdeaPad 3,50732.47,8.0,2024-02-04,eBay
Acer Aspire 5,78659.08,15.0,2023-12-09,Amazon
Dell Inspiron 15,64129.18,11.0,2024-02-01,Flipkart
ASUS VivoBook 15,67125.85,18.0,2024-10-28,eBay
MacBook Air M2,79770.78,17.0,2025-01-20,Amazon
Dell Inspiron 15,64940.74,16.0,2023-12-29,Flipkart
Acer Aspire 5,50478.82,10.0,2024-05-06,eBay
HP Pavilion 14,52302.93,5.0,2024-09-14,Amazon
MacBook Air M2,54639.7,15.0,2025-02-12,Flipkart
HP Pavilion 14,77854.91,15.0,2024-12-04,eBay
MacBook Air M2,69608.9,15.0,2023-09-24,Amazon
ASUS VivoBook 15,74685.12,10.0,2024-02-11,Flipkart
ASUS VivoBook 15,57126.59,5.0,2023-05-21,eBay
MacBook Air M2,62576.71,7.0,2024-02-19,Amazon
ASUS VivoBook 15,79852.99,17.0,2024-07-19,Flipkart
Acer Aspire 5,65754.41,13.0,2024-12-12,eBay
Lenovo IdeaPad 3,78519.71,11.0,2025-02-27,Amazon
MacBook Air M2,70026.04,9.0,2023-07-19,Flipkart
ASUS VivoBook 15,76723.06,9.0,2024-06-09,eBay
Acer Aspire 5,64547.95,10.0,2025-01-25,Amazon
Acer Aspire 5,61173.86,12.0,2024-12-26,Flipkart
ASUS VivoBook 15,77358.0,11.0,2024-03-30,eBay
HP Pavilion 14,52131.5,19.0,2023-10-19,Amazon
HP Pavilion 14,57772.84,19.0,2024-05-22,Flipkart
Acer Aspire 5,64827.03,8.0,2024-03-14,eBay
Dell Inspiron 15,58771.67,18.0,2024-10-24,Amazon
ASUS VivoBook 15,56572.22,8.0,2023-12-26,Flipkart
Lenovo IdeaPad 3,62885.85,14.0,2024-02-25,eBay
ASUS VivoBook 15,66478.14,11.0,2024-06-11,Amazon
Lenovo IdeaPad 3,79981.68,18.0,2024-11-12,Flipkart
Acer Aspire 5,50898.0,8.0,2023-08-16,eBay
Dell Inspiron 15,77244.55,14.0,2023-07-03,Amazon
Dell Inspiron 15,74091.27,14.0,2023-08-01,Flipkart
MacBook Air M2,72365.93,16.0,2025-02-11,eBay
MacBook Air M2,74019.15,8.0,2024-11-21,Amazon
Lenovo IdeaPad 3,74244.69,7.0,2024-11-10,Flipkart
Acer Aspire 5,67179.02,10.0,2024-04-04,eBay
Acer Aspire 5,74738.42,12.0,2023-12-09,Amazon
HP Pavilion 14,68683.52,15.0,2025-02-18,Flipkart
HP Pavilion 14,68979.43,9.0,2024-07-12,eBay
MacBook Air M2,69881.42,19.0,2023-12-29,Amazon
HP Pavilion 14,62606.2,8.0,2023-10-06,Flipkart
ASUS VivoBook 15,79454.54,6.0,2023-12-22,eBay
Dell Inspiron 15,55630.91,9.0,2024-04-05,Amazon
Dell Inspiron 15,64422.31,20.0,2024-06-03,Flipkart
Dell Inspiron 15,55367.29,15.0,2023-06-26,eBay
HP Pavilion 14,57921.33,5.0,2023-07-20,Amazon
Acer Aspire 5,50155.41,16.0,2024-12-01,Flipkart
Lenovo IdeaPad 3,69870.29,8.0,2023-06-05,eBay
Acer Aspire 5,68592.63,6.0,2024-10-21,Amazon
ASUS VivoBook 15,52429.58,6.0,2024-04-25,Flipkart
ASUS VivoBook 15,73834.43,11.0,2023-08-31,eBay
ASUS VivoBook 15,55614.77,12.0,2023-05-23,Amazon
ASUS VivoBook 15,64548.27,18.0,2023-08-06,Flipkart
MacBook Air M2,66676.33,18.0,2023-04-30,eBay
Dell Inspiron 15,67042.21,17.0,2023-09-17,Amazon
MacBook Air M2,69066.19,16.0,2024-04-02,Flipkart
Acer Aspire 5,64868.04,8.0,2024-09-02,eBay
Acer Aspire 5,56359.81,14.0,2025-01-25,Amazon
Dell Inspiron 15,54952.07,11.0,2023-07-12,Flipkart
HP Pavilion 14,60864.29,14.0,2023-05-05,eBay
HP Pavilion 14,55963.94,17.0,2024-05-20,Amazon
MacBook Air M2,64426.98,13.0,2024-01-01,Flipkart
ASUS VivoBook 15,60155.72,6.0,2024-08-20,eBay
Acer Aspire 5,50287.31,15.0,2024-02-02,Amazon
Lenovo IdeaPad 3,69358.66,18.0,2025-01-24,Flipkart
Lenovo IdeaPad 3,73900.92,8.0,2024-06-15,eBay
ASUS VivoBook 15,53648.72,12.0,2024-01-23,Amazon
Lenovo IdeaPad 3,50983.8,5.0,2024-12-29,Flipkart
Acer Aspire 5,75042.72,5.0,2025-02-08,eBay
Acer Aspire 5,61499.0,5.0,2024-04-12,Amazon
Lenovo IdeaPad 3,79481.22,9.0,2025-03-10,Flipkart
Acer Aspire 5,59975.51,16.0,2023-12-04,eBay
Lenovo IdeaPad 3,75586.35,9.0,2023-08-12,Amazon
HP Pavilion 14,60853.36,13.0,2025-01-11,Flipkart
ASUS VivoBook 15,73888.14,5.0,2024-01-25,eBay
MacBook Air M2,68811.85,16.0,2023-10-21,Amazon
Dell Inspiron 15,58681.29,6.0,2024-11-05,Flipkart
ASUS VivoBook 15,65330.29,14.0,2024-01-16,eBay
MacBook Air M2,71489.77,15.0,2024-09-04,Amazon
HP Pavilion 14,58164.35,10.0,2025-01-08,Flipkart
Acer Aspire 5,72271.89,14.0,2024-10-31,eBay
Lenovo IdeaPad 3,75651.12,19.0,2023-06-10,Amazon
HP Pavilion 14,58274.65,13.0,2024-11-09,Flipkart
HP Pavilion 14,70416.31,15.0,2023-10-14,eBay
HP Pavilion 14,78920.66,6.0,2024-10-20,Amazon
Acer Aspire 5,56327.49,10.0,2024-01-05,Flipkart
Lenovo IdeaPad 3,69381.08,20.0,2024-03-01,eBay
Lenovo IdeaPad 3,64468.32,14.0,2024-04-14,Amazon
Acer Aspire 5,71749.74,6.0,2024-01-03,Flipkart
Dell Inspiron 15,72833.58,8.0,2024-03-07,eBay
ASUS VivoBook 15,78767.29,13.0,2023-06-08,Amazon
MacBook Air M2,66967.82,14.0,2023-05-07,Flipkart
ASUS VivoBook 15,77083.84,14.0,2024-10-20,eBay
HP Pavilion 14,70485.18,13.0,2024-07-15,Amazon
HP Pavilion 14,58907.43,9.0,2023-08-18,Flipkart
Dell Inspiron 15,62041.37,5.0,2023-06-28,eBay
Acer Aspire 5,69892.47,13.0,2024-07-26,Amazon
ASUS VivoBook 15,58200.03,5.0,2023-11-26,Flipkart
MacBook Air M2,57023.14,8.0,2023-11-07,eBay
Lenovo IdeaPad 3,56762.64,18.0,2024-05-29,Amazon
Acer Aspire 5,79092.07,8.0,2024-09-10,Flipkart
Acer Aspire 5,76750.89,12.0,2024-05-01,eBay
Dell Inspiron 15,72522.55,5.0,2024-10-23,Amazon
MacBook Air M2,63353.39,15.0,2023-10-14,Flipkart
ASUS VivoBook 15,70674.43,14.0,2024-04-10,eBay
Acer Aspire 5,72524.04,8.0,2024-01-07,Amazon
ASUS VivoBook 15,66499.92,10.0,2023-10-03,Flipkart
Acer Aspire 5,57152.84,17.0,2025-02-15,eBay
Acer Aspire 5,59473.37,9.0,2025-01-08,Amazon
Lenovo IdeaPad 3,57491.54,12.0,2025-01-04,Flipkart
MacBook Air M2,70835.7,8.0,2024-12-28,eBay
ASUS VivoBook 15,74876.92,14.0,2023-08-26,Amazon
ASUS VivoBook 15,74983.96,8.0,2023-04-25,Flipkart
ASUS VivoBook 15,76926.81,17.0,2024-12-29,eBay
ASUS VivoBook 15,62395.08,5.0,2024-11-25,Amazon
HP Pavilion 14,50587.98,7.0,2023-10-21,Flipkart
Lenovo IdeaPad 3,73324.01,8.0,2023-03-31,eBay
MacBook Air M2,61406.62,11.0,2024-03-26,Amazon
MacBook Air M2,56249.23,11.0,2024-03-06,Flipkart
MacBook Air M2,60915.07,5.0,2023-07-21,eBay
Acer Aspire 5,61078.09,11.0,2024-11-06,Amazon
ASUS VivoBook 15,64352.9,7.0,2023-11-24,Flipkart
Acer Aspire 5,75773.06,16.0,2024-09-16,eBay
Acer Aspire 5,77364.96,10.0,2024-10-29,Amazon
Lenovo IdeaPad 3,64993.01,8.0,2023-06-12,Flipkart
ASUS VivoBook 15,77559.54,12.0,2024-05-08,eBay
ASUS VivoBook 15,65592.2,18.0,2023-12-20,Amazon
Dell Inspiron 15,69549.19,8.0,2023-11-25,Flipkart
ASUS VivoBook 15,62059.36,20.0,2024-06-15,eBay
Acer Aspire 5,73613.62,14.0,2024-10-08,Amazon
ASUS VivoBook 15,60973.29,18.0,2024-01-31,Flipkart
HP Pavilion 14,76466.7,15.0,2023-03-20,eBay
HP Pavilion 14,67587.35,7.0,2023-06-27,Amazon
Lenovo IdeaPad 3,50095.12,8.0,2023-11-28,Flipkart
MacBook Air M2,57008.02,9.0,2024-05-04,eBay
Lenovo IdeaPad 3,73634.24,8.0,2024-05-22,Amazon
HP Pavilion 14,75161.78,12.0,2023-07-29,Flipkart
Dell Inspiron 15,50333.42,16.0,2023-11-16,eBay
ASUS VivoBook 15,67033.07,16.0,2024-11-25,Amazon
MacBook Air M2,61043.83,15.0,2023-07-04,Flipkart
Dell Inspiron 15,50911.58,19.0,2024-06-28,eBay
ASUS VivoBook 15,58794.72,20.0,2023-12-31,Amazon
HP Pavilion 14,57476.32,10.0,2023-08-25,Flipkart
Acer Aspire 5,76883.83,7.0,2024-03-23,eBay
HP Pavilion 14,73174.88,6.0,2024-12-29,Amazon
ASUS VivoBook 15,64578.85,12.0,2024-02-10,Flipkart
ASUS VivoBook 15,65406.85,17.0,2023-04-15,eBay
Dell Inspiron 15,72508.64,16.0,2023-10-24,Amazon
Acer Aspire 5,69199.33,10.0,2023-10-13,Flipkart
Acer Aspire 5,72631.75,16.0,2025-01-05,eBay
Dell Inspiron 15,68739.96,17.0,2024-10-22,Amazon
Lenovo IdeaPad 3,71493.65,12.0,2024-12-20,Flipkart
MacBook Air M2,50574.81,7.0,2024-10-23,eBay
Dell Inspiron 15,55604.48,16.0,2024-01-31,Amazon
MacBook Air M2,69719.0,20.0,2023-08-12,Flipkart
Acer Aspire 5,69669.17,6.0,2025-02-10,eBay
MacBook Air M2,60128.13,6.0,2023-10-27,Amazon
MacBook Air M2,51506.58,9.0,2024-12-11,Flipkart
HP Pavilion 14,53194.13,8.0,2024-07-16,eBay
ASUS VivoBook 15,78131.16,13.0,2023-05-15,Amazon
ASUS VivoBook 15,55569.41,10.0,2023-06-24,Flipkart
HP Pavilion 14,79872.96,5.0,2023-09-10,eBay
Dell Inspiron 15,57236.12,15.0,2024-05-13,Amazon
Acer Aspire 5,55562.24,5.0,2024-05-31,Flipkart
MacBook Air M2,69831.32,12.0,2023-04-25,eBay
HP Pavilion 14,79891.29,19.0,2024-07-09,Amazon
MacBook Air M2,79045.06,20.0,2023-05-29,Flipkart
Acer Aspire 5,73734.25,15.0,2024-11-07,eBay
Acer Aspire 5,59621.54,19.0,2025-02-05,Amazon
Dell Inspiron 15,56589.82,7.0,2024-10-30,Flipkart
HP Pavilion 14,54252.46,20.0,2024-05-10,eBay
Acer Aspire 5,69281.75,20.0,2024-10-04,Amazon
Lenovo IdeaPad 3,77011.23,10.0,2023-08-05,Flipkart
ASUS VivoBook 15,75579.78,7.0,2025-02-11,eBay
HP Pavilion 14,72735.2,15.0,2023-07-19,Amazon
MacBook Air M2,57547.84,13.0,2023-07-05,Flipkart
ASUS VivoBook 15,53914.03,6.0,2024-06-12,eBay
Dell Inspiron 15,78237.24,14.0,2025-02-07,Amazon
Dell Inspiron 15,56575.63,17.0,2024-04-28,Flipkart
MacBook Air M2,57329.24,11.0,2023-08-08,eBay
Acer Aspire 5,54999.76,16.0,2024-03-08,Amazon
Acer Aspire 5,62078.29,12.0,2023-04-29,Flipkart
Acer Aspire 5,64486.61,14.0,2024-08-11,eBay
HP Pavilion 14,65066.92,6.0,2023-11-20,Amazon
Dell Inspiron 15,51274.25,5.0,2024-08-07,Flipkart
ASUS VivoBook 15,57052.27,8.0,2024-09-15,eBay
ASUS VivoBook 15,57453.13,18.0,2023-06-04,Amazon
Lenovo IdeaPad 3,66341.26,6.0,2024-08-21,Flipkart
HP Pavilion 14,62203.62,12.0,2023-07-25,eBay
HP Pavilion 14,52602.4,15.0,2024-02-09,Amazon
ASUS VivoBook 15,58888.98,8.0,2024-07-28,Flipkart
Lenovo IdeaPad 3,79054.39,6.0,2024-11-21,eBay
ASUS VivoBook 15,71652.23,15.0,2025-02-03,Amazon
Acer Aspire 5,55340.25,10.0,2024-03-07,Flipkart
HP Pavilion 14,64591.53,8.0,2023-06-01,eBay
MacBook Air M2,52474.48,7.0,2023-04-02,Amazon
Acer Aspire 5,58619.04,20.0,2023-07-12,Flipkart
Dell Inspiron 15,52321.68,20.0,2025-03-04,eBay
Lenovo IdeaPad 3,65101.4,15.0,2023-04-13,Amazon
MacBook Air M2,58329.52,11.0,2024-11-16,Flipkart
HP Pavilion 14,74035.8,15.0,2023-04-01,eBay
HP Pavilion 14,77924.37,13.0,2024-08-19,Amazon
Dell Inspiron 15,53439.41,12.0,2024-04-21,Flipkart
MacBook Air M2,58863.01,18.0,2024-04-27,eBay
Acer Aspire 5,50448.33,16.0,2024-02-21,Amazon
Lenovo IdeaPad 3,77082.06,16.0,2024-04-28,Flipkart
Lenovo IdeaPad 3,54744.04,13.0,2023-09-16,eBay
HP Pavilion 14,65107.26,5.0,2023-09-03,Amazon
Lenovo IdeaPad 3,60866.44,7.0,2024-09-15,Flipkart
Dell Inspiron 15,64356.66,7.0,2024-07-19,eBay
HP Pavilion 14,73626.42,17.0,2023-06-22,Amazon
Acer Aspire 5,77719.0,13.0,2024-10-07,Flipkart
ASUS VivoBook 15,74129.88,8.0,2023-04-20,eBay
Acer Aspire 5,55234.92,11.0,2024-10-03,Amazon
ASUS VivoBook 15,79900.38,15.0,2024-04-01,Flipkart
ASUS VivoBook 15,75945.86,20.0,2023-05-20,eBay
Lenovo IdeaPad 3,60828.42,9.0,2024-03-10,Amazon
Acer Aspire 5,57142.09,19.0,2025-02-22,Flipkart
ASUS VivoBook 15,75555.28,19.0,2023-12-16,eBay
MacBook Air M2,76740.86,16.0,2023-07-27,Amazon
Acer Aspire 5,58214.75,10.0,2024-10-21,Flipkart
HP Pavilion 14,51557.24,18.0,2023-05-01,eBay
Lenovo IdeaPad 3,75939.45,10.0,2023-10-27,Amazon
Lenovo IdeaPad 3,73096.33,16.0,2023-09-28,Flipkart
MacBook Air M2,78229.78,6.0,2024-09-30,eBay
MacBook Air M2,64204.69,5.0,2023-10-16,Amazon
Lenovo IdeaPad 3,57542.21,20.0,2024-11-10,Flipkart
Lenovo IdeaPad 3,73726.01,11.0,2023-11-12,eBay
HP Pavilion 14,68437.69,13.0,2023-10-09,Amazon
ASUS VivoBook 15,51585.98,8.0,2023-05-18,Flipkart
ASUS VivoBook 15,69662.78,5.0,2023-08-11,eBay
MacBook Air M2,67644.01,18.0,2023-07-12,Amazon
HP Pavilion 14,58162.54,16.0,2024-10-30,Flipkart
ASUS VivoBook 15,74361.13,13.0,2023-06-04,eBay
HP Pavilion 14,70923.01,9.0,2024-11-17,Amazon
MacBook Air M2,63730.18,5.0,2023-08-03,Flipkart
Acer Aspire 5,65667.06,16.0,2024-01-16,eBay
ASUS VivoBook 15,60350.08,18.0,2024-10-19,Amazon
Lenovo IdeaPad 3,65341.53,9.0,2024-08-12,Flipkart
ASUS VivoBook 15,55681.51,9.0,2024-03-12,eBay
Lenovo IdeaPad 3,64411.26,19.0,2023-12-14,Amazon
Dell Inspiron 15,51391.03,5.0,2024-05-23,Flipkart
Acer Aspire 5,57821.85,19.0,2024-06-10,eBay
ASUS VivoBook 15,52214.23,14.0,2025-02-08,Amazon
Lenovo IdeaPad 3,55037.87,13.0,2024-10-24,Flipkart
ASUS VivoBook 15,67933.36,13.0,2023-10-16,eBay
ASUS VivoBook 15,72624.9,11.0,2023-05-13,Amazon
ASUS VivoBook 15,67321.73,10.0,2023-09-10,Flipkart
ASUS VivoBook 15,57441.64,15.0,2024-07-24,eBay
ASUS VivoBook 15,62573.56,18.0,2023-04-13,Amazon
Dell Inspiron 15,77445.12,10.0,2024-08-04,Flipkart
Lenovo IdeaPad 3,66180.52,5.0,2024-08-02,eBay
MacBook Air M2,54303.49,5.0,2023-08-23,Amazon
MacBook Air M2,63248.78,7.0,2024-09-22,Flipkart
Acer Aspire 5,65180.35,18.0,2024-04-06,eBay
MacBook Air M2,77605.54,16.0,2023-10-13,Amazon
ASUS VivoBook 15,77505.44,9.0,2023-07-20,Flipkart
MacBook Air M2,56001.8,19.0,2023-05-11,eBay
Dell Inspiron 15,60294.09,15.0,2023-05-12,Amazon
ASUS VivoBook 15,51179.15,6.0,2024-04-01,Flipkart
MacBook Air M2,55381.51,11.0,2024-10-22,eBay
ASUS VivoBook 15,68399.51,11.0,2024-06-15,Amazon
MacBook Air M2,50887.44,16.0,2024-07-18,Flipkart
HP Pavilion 14,69476.36,13.0,2024-04-22,eBay
HP Pavilion 14,68119.16,6.0,2023-07-18,Amazon
Dell Inspiron 15,60603.41,15.0,2024-06-06,Flipkart
ASUS VivoBook 15,78400.03,8.0,2023-09-11,eBay
MacBook Air M2,66395.79,14.0,2024-08-26,Amazon
MacBook Air M2,54155.65,6.0,2025-03-17,Flipkart
HP Pavilion 14,64398.09,9.0,2024-01-06,eBay
Lenovo IdeaPad 3,64156.82,13.0,2025-03-17,Amazon
ASUS VivoBook 15,61777.78,15.0,2024-06-06,Flipkart
Dell Inspiron 15,76357.5,5.0,2023-07-08,eBay
Acer Aspire 5,51673.01,5.0,2024-03-04,Amazon
Acer Aspire 5,56521.86,11.0,2023-06-08,Flipkart
ASUS VivoBook 15,75467.03,11.0,2023-07-13,eBay
MacBook Air M2,75597.93,7.0,2023-11-03,Amazon
Lenovo IdeaPad 3,55738.84,17.0,2025-02-28,Flipkart
Dell Inspiron 15,64869.83,7.0,2024-09-02,eBay
HP Pavilion 14,60557.96,12.0,2024-11-04,Amazon
Acer Aspire 5,79155.28,18.0,2024-07-16,Flipkart
Lenovo IdeaPad 3,64144.05,20.0,2023-06-25,eBay
Dell Inspiron 15,60760.25,14.0,2024-11-17,Amazon
MacBook Air M2,54501.09,7.0,2024-11-26,Flipkart
Lenovo IdeaPad 3,76933.95,20.0,2024-08-15,eBay
HP Pavilion 14,55655.02,6.0,2023-04-05,Amazon
HP Pavilion 14,58841.08,8.0,2024-01-03,Flipkart
MacBook Air M2,51917.17,18.0,2024-07-22,eBay
Dell Inspiron 15,53054.14,7.0,2023-03-20,Amazon
MacBook Air M2,70935.41,11.0,2024-09-28,Flipkart
Acer Aspire 5,78271.02,16.0,2023-05-14,eBay
Dell Inspiron 15,64371.91,13.0,2024-02-11,Amazon
HP Pavilion 14,78835.79,8.0,2023-12-31,Flipkart
Dell Inspiron 15,70819.21,19.0,2023-04-23,eBay
Acer Aspire 5,52038.43,11.0,2024-06-17,Amazon
Acer Aspire 5,71088.39,12.0,2023-05-06,Flipkart
Dell Inspiron 15,77607.05,5.0,2024-09-03,eBay
MacBook Air M2,79623.2,16.0,2024-11-09,Amazon
HP Pavilion 14,56232.82,14.0,2024-02-11,Flipkart
Acer Aspire 5,69635.06,8.0,2024-09-17,eBay
MacBook Air M2,78722.56,13.0,2024-05-13,Amazon
MacBook Air M2,58964.89,15.0,2025-03-06,Flipkart
MacBook Air M2,60063.15,9.0,2024-01-16,eBay
ASUS VivoBook 15,67445.09,12.0,2024-04-02,Amazon
MacBook Air M2,55637.25,16.0,2023-12-29,Flipkart
HP Pavilion 14,62567.41,8.0,2024-12-11,eBay
Dell Inspiron 15,53638.7,9.0,2024-04-26,Amazon
HP Pavilion 14,77171.67,10.0,2023-08-27,Flipkart
Dell Inspiron 15,51297.16,5.0,2024-08-30,eBay
Dell Inspiron 15,50358.26,13.0,2024-06-01,Amazon
ASUS VivoBook 15,72763.62,19.0,2024-08-26,Flipkart
Lenovo IdeaPad 3,65997.55,15.0,2023-10-27,eBay
HP Pavilion 14,63841.72,5.0,2023-06-10,Amazon
MacBook Air M2,56772.93,16.0,2023-08-29,Flipkart
Dell Inspiron 15,59778.45,16.0,2024-09-24,eBay
HP Pavilion 14,51273.82,10.0,2023-08-09,Amazon
Acer Aspire 5,78235.76,9.0,2023-09-10,Flipkart
Lenovo IdeaPad 3,53494.58,16.0,2023-10-25,eBay
HP Pavilion 14,53933.31,18.0,2023-04-12,Amazon
MacBook Air M2,60313.98,8.0,2024-05-26,Flipkart
ASUS VivoBook 15,76004.21,13.0,2024-08-13,eBay
Dell Inspiron 15,70787.5,16.0,2023-12-13,Amazon
HP Pavilion 14,50085.55,6.0,2024-10-05,Flipkart
Dell Inspiron 15,74820.52,20.0,2024-11-21,eBay
Lenovo IdeaPad 3,70749.3,6.0,2023-04-15,Amazon
Acer Aspire 5,58764.46,9.0,2024-08-08,Flipkart
Dell Inspiron 15,68181.02,18.0,2025-03-10,eBay
HP Pavilion 14,64918.89,8.0,2023-08-26,Amazon
Acer Aspire 5,51649.97,20.0,2025-02-05,Flipkart
Acer Aspire 5,70652.72,20.0,2024-02-28,eBay
HP Pavilion 14,58452.69,9.0,2023-11-15,Amazon
Acer Aspire 5,69413.99,15.0,2023-04-15,Flipkart
HP Pavilion 14,74398.53,7.0,2023-07-22,eBay
Acer Aspire 5,78296.05,5.0,2025-02-02,Amazon
ASUS VivoBook 15,56057.33,8.0,2024-07-01,Flipkart
Dell Inspiron 15,70995.57,8.0,2024-01-24,eBay
Lenovo IdeaPad 3,75502.6,18.0,2023-05-09,Amazon
Acer Aspire 5,60415.02,14.0,2023-09-04,Flipkart
Dell Inspiron 15,58890.89,19.0,2024-05-09,eBay
MacBook Air M2,50533.92,8.0,2024-03-19,Amazon
HP Pavilion 14,75327.18,10.0,2023-04-06,Flipkart
Lenovo IdeaPad 3,76943.31,14.0,2024-10-24,eBay
ASUS VivoBook 15,61978.39,14.0,2023-04-25,Amazon
Acer Aspire 5,72039.97,7.0,2023-09-01,Flipkart
Dell Inspiron 15,79779.52,12.0,2023-06-03,eBay
HP Pavilion 14,55463.32,14.0,2025-02-24,Amazon
HP Pavilion 14,64377.18,7.0,2023-05-02,Flipkart
Acer Aspire 5,52126.71,11.0,2024-11-22,eBay
HP Pavilion 14,76902.54,20.0,2024-09-23,Amazon
HP Pavilion 14,69555.88,14.0,2024-05-03,Flipkart
HP Pavilion 14,76114.57,8.0,2023-11-28,eBay
Acer Aspire 5,53194.78,19.0,2023-06-05,Amazon
Lenovo IdeaPad 3,68892.59,8.0,2025-02-03,Flipkart
MacBook Air M2,52131.68,6.0,2024-07-10,eBay
Dell Inspiron 15,59357.45,11.0,2024-07-07,Amazon
ASUS VivoBook 15,73490.04,18.0,2024-04-27,Flipkart
HP Pavilion 14,56013.2,17.0,2024-11-08,eBay
ASUS VivoBook 15,57402.7,8.0,2025-02-28,Amazon
HP Pavilion 14,59607.07,14.0,2024-09-02,Flipkart
ASUS VivoBook 15,78513.56,9.0,2024-07-26,eBay
ASUS VivoBook 15,51655.09,15.0,2024-10-19,Amazon
Acer Aspire 5,56255.34,16.0,2023-07-12,Flipkart
Acer Aspire 5,71897.54,5.0,2023-07-02,eBay
ASUS VivoBook 15,69559.92,9.0,2023-10-10,Amazon
Acer Aspire 5,53926.77,6.0,2025-01-10,Flipkart
MacBook Air M2,75863.42,19.0,2024-05-26,eBay
ASUS VivoBook 15,52674.31,6.0,2023-05-05,Amazon
HP Pavilion 14,62586.75,12.0,2025-02-20,Flipkart
HP Pavilion 14,72209.31,11.0,2023-11-30,eBay
Lenovo IdeaPad 3,64340.03,5.0,2023-12-25,Amazon
ASUS VivoBook 15,79244.25,8.0,2023-07-26,Flipkart
HP Pavilion 14,56940.07,6.0,2023-07-18,eBay
Dell Inspiron 15,62034.4,20.0,2024-09-05,Amazon
Lenovo IdeaPad 3,65965.93,17.0,2024-11-22,Flipkart
ASUS VivoBook 15,62714.21,15.0,2024-12-12,eBay
Dell Inspiron 15,72698.13,19.0,2024-02-19,Amazon
Acer Aspire 5,56531.96,9.0,2024-07-24,Flipkart
Lenovo IdeaPad 3,79364.79,9.0,2024-07-16,eBay
Dell Inspiron 15,68737.31,18.0,2024-12-24,Amazon
ASUS VivoBook 15,69032.06,11.0,2023-08-07,Flipkart
Acer Aspire 5,70906.49,8.0,2024-11-29,eBay
HP Pavilion 14,63101.22,10.0,2024-05-19,Amazon
Dell Inspiron 15,71970.54,6.0,2024-04-21,Flipkart
Acer Aspire 5,64314.19,18.0,2024-01-23,eBay
Dell Inspiron 15,68118.2,12.0,2023-07-29,Amazon
MacBook Air M2,50628.6,11.0,2025-03-16,Flipkart
Acer Aspire 5,52070.01,11.0,2024-07-26,eBay
MacBook Air M2,76906.29,17.0,2023-07-20,Amazon
HP Pavilion 14,75883.74,10.0,2024-04-30,Flipkart
Dell Inspiron 15,76397.91,10.0,2024-02-01,eBay
HP Pavilion 14,57897.51,17.0,2023-04-03,Amazon
HP Pavilion 14,61929.65,19.0,2024-05-12,Flipkart
Lenovo IdeaPad 3,59236.86,14.0,2025-01-22,eBay
Acer Aspire 5,51777.62,10.0,2024-11-02,Amazon
Lenovo IdeaPad 3,61869.09,7.0,2023-05-09,Flipkart
Dell Inspiron 15,71306.48,7.0,2025-02-17,eBay
ASUS VivoBook 15,70778.67,13.0,2024-03-02,Amazon
ASUS VivoBook 15,60222.0,11.0,2023-08-11,Flipkart
MacBook Air M2,67786.83,7.0,2024-04-18,eBay
Acer Aspire 5,56365.39,8.0,2024-11-21,Amazon
HP Pavilion 14,65539.33,12.0,2024-11-28,Flipkart
Dell Inspiron 15,57170.55,7.0,2023-08-04,eBay
HP Pavilion 14,77180.37,9.0,2024-08-03,Amazon
Acer Aspire 5,71792.6,6.0,2023-04-14,Flipkart
MacBook Air M2,77703.98,18.0,2023-11-10,eBay
Acer Aspire 5,52609.76,18.0,2024-10-25,Amazon
MacBook Air M2,76449.8,19.0,2023-05-15,Flipkart
ASUS VivoBook 15,50889.17,12.0,2024-12-22,eBay
Dell Inspiron 15,69388.22,10.0,2023-05-26,Amazon
MacBook Air M2,67277.44,18.0,2024-04-07,Flipkart
ASUS VivoBook 15,67736.84,9.0,2024-03-14,eBay
MacBook Air M2,66401.01,14.0,2023-12-30,Amazon
MacBook Air M2,75139.17,20.0,2023-12-18,Flipkart
Dell Inspiron 15,55311.87,17.0,2024-10-04,eBay
MacBook Air M2,58645.39,17.0,2024-12-29,Amazon
Acer Aspire 5,56480.02,20.0,2023-03-28,Flipkart
ASUS VivoBook 15,50617.28,18.0,2025-01-24,eBay
Dell Inspiron 15,67425.63,11.0,2023-09-16,Amazon
ASUS VivoBook 15,58542.46,18.0,2024-06-26,Flipkart
Acer Aspire 5,63014.25,12.0,2023-11-30,eBay
MacBook Air M2,54156.54,7.0,2023-07-07,Amazon
ASUS VivoBook 15,62057.56,5.0,2023-04-06,Flipkart
Dell Inspiron 15,59961.74,14.0,2024-02-03,eBay
ASUS VivoBook 15,61479.58,8.0,2023-05-09,Amazon
Dell Inspiron 15,50576.89,10.0,2024-08-26,Flipkart
MacBook Air M2,54936.69,16.0,2024-07-08,eBay
Dell Inspiron 15,74916.76,19.0,2024-11-10,Amazon
HP Pavilion 14,68109.14,5.0,2025-02-16,Flipkart
ASUS VivoBook 15,52742.63,10.0,2024-03-17,eBay
MacBook Air M2,69111.29,19.0,2025-01-11,Amazon
Acer Aspire 5,69012.54,13.0,2025-03-01,Flipkart
MacBook Air M2,68163.82,11.0,2024-06-23,eBay
Dell Inspiron 15,57316.43,12.0,2023-10-19,Amazon
Acer Aspire 5,77512.72,5.0,2025-01-01,Flipkart
Lenovo IdeaPad 3,64891.81,6.0,2024-08-23,eBay
ASUS VivoBook 15,52330.47,20.0,2024-04-02,Amazon
Acer Aspire 5,68199.45,17.0,2024-02-17,Flipkart
Acer Aspire 5,60946.61,20.0,2024-06-04,eBay
Acer Aspire 5,68802.9,16.0,2023-08-29,Amazon
Acer Aspire 5,55825.52,7.0,2023-10-06,Flipkart
ASUS VivoBook 15,51879.94,18.0,2024-08-24,eBay
ASUS VivoBook 15,56379.74,17.0,2025-01-28,Amazon
Lenovo IdeaPad 3,72415.78,20.0,2023-12-16,Flipkart
Lenovo IdeaPad 3,76291.27,18.0,2024-02-19,eBay
MacBook Air M2,67752.91,15.0,2024-05-12,Amazon
Lenovo IdeaPad 3,79508.49,13.0,2023-09-22,Flipkart
Dell Inspiron 15,64054.35,15.0,2024-10-03,eBay
Lenovo IdeaPad 3,56670.03,6.0,2024-10-27,Amazon
Lenovo IdeaPad 3,71348.27,5.0,2024-04-19,Flipkart
ASUS VivoBook 15,68362.98,18.0,2024-01-14,eBay
HP Pavilion 14,74502.26,6.0,2023-06-18,Amazon
HP Pavilion 14,73548.03,20.0,2023-06-06,Flipkart
HP Pavilion 14,69091.15,11.0,2024-06-14,eBay
Acer Aspire 5,62906.75,8.0,2023-08-14,Amazon
Acer Aspire 5,54137.68,10.0,2024-12-06,Flipkart
MacBook Air M2,79687.82,14.0,2024-06-30,eBay
HP Pavilion 14,53446.6,16.0,2024-12-12,Amazon
HP Pavilion 14,64895.23,13.0,2024-09-08,Flipkart
MacBook Air M2,71112.06,19.0,2023-05-25,eBay
Lenovo IdeaPad 3,50596.68,18.0,2023-09-20,Amazon
HP Pavilion 14,67829.34,17.0,2024-10-30,Flipkart
MacBook Air M2,58664.98,17.0,2024-11-08,eBay
ASUS VivoBook 15,78411.22,7.0,2023-06-05,Amazon
MacBook Air M2,79302.49,15.0,2024-11-14,Flipkart
Acer Aspire 5,59077.51,7.0,2025-02-11,eBay
Acer Aspire 5,76453.06,17.0,2023-10-28,Amazon
ASUS VivoBook 15,59007.14,15.0,2023-10-23,Flipkart
Acer Aspire 5,55733.12,17.0,2023-03-21,eBay
ASUS VivoBook 15,67052.49,17.0,2024-12-10,Amazon
HP Pavilion 14,61869.27,11.0,2023-11-27,Flipkart
MacBook Air M2,74420.28,9.0,2023-09-10,eBay
Lenovo IdeaPad 3,69954.6,7.0,2025-01-16,Amazon
Acer Aspire 5,55261.68,15.0,2023-06-22,Flipkart
Lenovo IdeaPad 3,69304.75,11.0,2024-10-14,eBay
Lenovo IdeaPad 3,64185.67,17.0,2024-04-04,Amazon
HP Pavilion 14,65758.21,18.0,2025-01-23,Flipkart
ASUS VivoBook 15,57045.13,18.0,2024-11-14,eBay
Dell Inspiron 15,67003.45,13.0,2025-01-31,Amazon
ASUS VivoBook 15,70836.94,8.0,2024-12-13,Flipkart
HP Pavilion 14,59978.62,15.0,2024-11-18,eBay
ASUS VivoBook 15,54960.57,14.0,2023-05-11,Amazon
MacBook Air M2,70743.22,11.0,2023-04-27,Flipkart
MacBook Air M2,57324.47,7.0,2023-04-13,eBay
MacBook Air M2,74060.32,8.0,2024-01-26,Amazon
Lenovo IdeaPad 3,68116.25,16.0,2023-04-24,Flipkart
ASUS VivoBook 15,62563.11,17.0,2025-03-03,eBay
Acer Aspire 5,68678.79,18.0,2024-07-13,Amazon
Lenovo IdeaPad 3,52385.07,16.0,2023-11-22,Flipkart
ASUS VivoBook 15,79909.79,18.0,2024-10-18,eBay
HP Pavilion 14,65211.82,11.0,2024-07-03,Amazon
ASUS VivoBook 15,66507.14,16.0,2023-10-25,Flipkart
Acer Aspire 5,51400.67,10.0,2023-11-14,eBay
Dell Inspiron 15,55281.32,20.0,2025-02-08,Amazon
Lenovo IdeaPad 3,59656.13,19.0,2024-10-01,Flipkart
Acer Aspire 5,54802.01,17.0,2025-01-18,eBay
HP Pavilion 14,66652.18,14.0,2023-09-11,Amazon
ASUS VivoBook 15,69984.18,18.0,2024-07-19,Flipkart
Lenovo IdeaPad 3,53587.74,7.0,2023-04-02,eBay
ASUS VivoBook 15,56760.08,6.0,2024-10-04,Amazon
HP Pavilion 14,73586.91,20.0,2023-11-11,Flipkart
Lenovo IdeaPad 3,79533.69,10.0,2024-02-12,eBay
ASUS VivoBook 15,75113.83,13.0,2024-07-04,Amazon
Acer Aspire 5,53733.69,18.0,2025-02-28,Flipkart
HP Pavilion 14,79299.39,19.0,2024-08-08,eBay
ASUS VivoBook 15,71542.13,17.0,2024-09-01,Amazon
HP Pavilion 14,60994.76,6.0,2024-06-06,Flipkart
HP Pavilion 14,67351.18,9.0,2024-01-11,eBay
MacBook Air M2,56244.96,19.0,2024-05-05,Amazon
HP Pavilion 14,61382.24,19.0,2023-06-20,Flipkart
Acer Aspire 5,65660.6,13.0,2023-06-28,eBay
HP Pavilion 14,67513.24,18.0,2025-01-21,Amazon
MacBook Air M2,77173.92,20.0,2024-09-28,Flipkart
Acer Aspire 5,55217.84,10.0,2023-12-01,eBay
Acer Aspire 5,64944.64,13.0,2023-09-22,Amazon
MacBook Air M2,66760.79,12.0,2025-02-15,Flipkart
Lenovo IdeaPad 3,52009.11,16.0,2024-11-02,eBay
ASUS VivoBook 15,65968.24,13.0,2023-04-03,Amazon
Dell Inspiron 15,79097.34,10.0,2024-04-28,Flipkart
MacBook Air M2,74161.33,20.0,2023-07-16,eBay
MacBook Air M2,54847.95,14.0,2024-12-19,Amazon
Acer Aspire 5,55627.15,16.0,2023-08-20,Flipkart
HP Pavilion 14,65687.18,9.0,2024-01-22,eBay
Dell Inspiron 15,71787.65,17.0,2024-02-11,Amazon
ASUS VivoBook 15,78002.67,15.0,2024-11-08,Flipkart
Dell Inspiron 15,74741.79,8.0,2024-12-25,eBay
Acer Aspire 5,64923.7,11.0,2023-12-03,Amazon
Dell Inspiron 15,53682.45,6.0,2024-11-15,Flipkart
Acer Aspire 5,77318.35,5.0,2023-08-12,eBay
MacBook Air M2,61018.81,5.0,2024-01-02,Amazon
ASUS VivoBook 15,69479.69,14.0,2023-08-26,Flipkart
HP Pavilion 14,59865.63,11.0,2024-04-15,eBay
Dell Inspiron 15,71794.14,14.0,2023-09-23,Amazon
Dell Inspiron 15,59822.42,14.0,2025-03-17,Flipkart
Acer Aspire 5,78199.25,19.0,2023-12-06,eBay
HP Pavilion 14,65107.84,14.0,2023-12-21,Amazon
Dell Inspiron 15,76652.88,6.0,2023-06-13,Flipkart
Acer Aspire 5,74612.62,6.0,2023-12-19,eBay
HP Pavilion 14,75611.61,18.0,2024-07-05,Amazon
Dell Inspiron 15,55286.21,15.0,2023-04-05,Flipkart
HP Pavilion 14,53853.69,7.0,2024-03-25,eBay
Lenovo IdeaPad 3,53856.44,9.0,2023-08-17,Amazon
HP Pavilion 14,69952.21,14.0,2025-01-05,Flipkart
Dell Inspiron 15,65293.83,5.0,2023-07-18,eBay
HP Pavilion 14,69321.06,15.0,2024-09-08,Amazon
ASUS VivoBook 15,57826.97,15.0,2023-08-26,Flipkart
HP Pavilion 14,76262.94,18.0,2024-08-16,eBay
Lenovo IdeaPad 3,58424.7,11.0,2024-12-06,Amazon
Lenovo IdeaPad 3,55564.58,11.0,2024-04-10,Flipkart
Lenovo IdeaPad 3,65172.61,9.0,2023-08-29,eBay
Acer Aspire 5,72440.29,20.0,2024-06-25,Amazon
Acer Aspire 5,54122.53,14.0,2023-09-24,Flipkart
Acer Aspire 5,68432.73,17.0,2024-03-26,eBay
ASUS VivoBook 15,55732.96,7.0,2024-11-07,Amazon
HP Pavilion 14,74884.36,20.0,2024-09-04,Flipkart
Acer Aspire 5,56244.29,14.0,2024-07-28,eBay
Lenovo IdeaPad 3,51190.44,19.0,2024-04-26,Amazon
MacBook Air M2,67742.12,19.0,2024-02-26,Flipkart
HP Pavilion 14,71357.82,9.0,2023-05-19,eBay
Lenovo IdeaPad 3,78428.56,5.0,2024-05-13,Amazon
ASUS VivoBook 15,74369.76,19.0,2024-01-07,Flipkart
Acer Aspire 5,51196.78,6.0,2024-04-08,eBay
Dell Inspiron 15,72450.03,9.0,2024-12-16,Amazon
Lenovo IdeaPad 3,68798.35,7.0,2024-08-21,Flipkart
HP Pavilion 14,51053.62,7.0,2024-08-30,eBay
HP Pavilion 14,64491.09,6.0,2024-05-09,Amazon
Dell Inspiron 15,55142.8,18.0,2024-01-30,Flipkart
Lenovo IdeaPad 3,78829.87,19.0,2024-12-07,eBay
Acer Aspire 5,65416.94,19.0,2024-12-17,Amazon
Dell Inspiron 15,66830.79,6.0,2025-02-01,Flipkart
Dell Inspiron 15,78592.83,15.0,2024-08-25,eBay
MacBook Air M2,52227.15,20.0,2023-07-17,Amazon
Acer Aspire 5,65834.38,6.0,2023-07-29,Flipkart
HP Pavilion 14,70654.8,9.0,2023-06-05,eBay
MacBook Air M2,55236.94,11.0,2023-06-26,Amazon
Lenovo IdeaPad 3,62236.94,17.0,2023-08-13,Flipkart
ASUS VivoBook 15,72766.86,8.0,2024-09-13,eBay
ASUS VivoBook 15,69167.26,14.0,2024-07-30,Amazon
Lenovo IdeaPad 3,57216.96,10.0,2024-10-29,Flipkart
Acer Aspire 5,66968.57,9.0,2023-05-31,eBay
MacBook Air M2,78909.36,13.0,2023-05-29,Amazon
Lenovo IdeaPad 3,55203.19,18.0,2024-04-22,Flipkart
Lenovo IdeaPad 3,78206.47,19.0,2025-03-15,eBay
Lenovo IdeaPad 3,61151.45,9.0,2024-11-05,Amazon
MacBook Air M2,72136.58,16.0,2023-10-26,Flipkart
MacBook Air M2,73374.61,11.0,2025-02-18,eBay
Acer Aspire 5,78010.56,5.0,2023-03-24,Amazon
Dell Inspiron 15,74482.58,5.0,2025-01-12,Flipkart
HP Pavilion 14,74751.91,20.0,2025-01-05,eBay
Dell Inspiron 15,72536.46,14.0,2023-03-21,Amazon
Lenovo IdeaPad 3,57528.38,5.0,2025-02-10,Flipkart
HP Pavilion 14,72472.49,6.0,2024-12-28,eBay
Acer Aspire 5,75552.18,13.0,2023-12-24,Amazon
Lenovo IdeaPad 3,71940.09,16.0,2023-08-03,Flipkart
MacBook Air M2,74053.72,6.0,2023-08-15,eBay
Lenovo IdeaPad 3,54788.05,7.0,2023-04-22,Amazon
ASUS VivoBook 15,50849.97,20.0,2024-07-29,Flipkart
HP Pavilion 14,53434.78,13.0,2025-01-10,eBay
Dell Inspiron 15,51189.46,6.0,2023-07-25,Amazon
Acer Aspire 5,58422.37,12.0,2023-07-02,Flipkart
HP Pavilion 14,65549.76,15.0,2024-09-20,eBay
ASUS VivoBook 15,51027.03,18.0,2023-12-25,Amazon
ASUS VivoBook 15,52248.11,16.0,2023-05-30,Flipkart
MacBook Air M2,64219.71,13.0,2025-02-19,eBay
HP Pavilion 14,76091.1,11.0,2023-05-03,Amazon
Lenovo IdeaPad 3,66913.37,12.0,2023-08-21,Flipkart
Acer Aspire 5,60916.55,6.0,2023-04-08,eBay
Acer Aspire 5,69486.15,9.0,2025-03-03,Amazon
ASUS VivoBook 15,67989.8,18.0,2024-09-30,Flipkart
Acer Aspire 5,64947.32,14.0,2023-12-31,eBay
MacBook Air M2,56414.65,7.0,2023-08-29,Amazon
MacBook Air M2,52654.8,17.0,2023-05-11,Flipkart
ASUS VivoBook 15,78482.89,8.0,2023-11-23,eBay
MacBook Air M2,52971.98,18.0,2024-06-06,Amazon
ASUS VivoBook 15,66642.66,12.0,2023-03-22,Flipkart
Acer Aspire 5,77811.84,6.0,2025-03-11,eBay
Lenovo IdeaPad 3,73640.18,20.0,2024-08-08,Amazon
HP Pavilion 14,76580.27,18.0,2024-07-21,Flipkart
Acer Aspire 5,71065.74,8.0,2024-07-20,eBay
Lenovo IdeaPad 3,72938.42,19.0,2023-07-07,Amazon
Acer Aspire 5,74722.26,12.0,2025-01-02,Flipkart
Acer Aspire 5,54370.01,14.0,2024-03-16,eBay
MacBook Air M2,79288.55,8.0,2023-12-25,Amazon
Acer Aspire 5,61287.39,7.0,2024-06-03,Flipkart
ASUS VivoBook 15,78626.89,12.0,2024-05-03,eBay
Acer Aspire 5,78026.99,19.0,2024-10-24,Amazon
MacBook Air M2,52517.67,5.0,2024-08-09,Flipkart
Dell Inspiron 15,75000.44,11.0,2024-11-09,eBay
Lenovo IdeaPad 3,73037.48,19.0,2023-11-30,Amazon
MacBook Air M2,75032.47,12.0,2025-01-14,Flipkart
Dell Inspiron 15,51629.46,15.0,2023-05-31,eBay
ASUS VivoBook 15,50191.57,20.0,2024-07-22,Amazon
HP Pavilion 14,58603.72,17.0,2024-04-01,Flipkart
Dell Inspiron 15,65014.15,5.0,2023-09-22,eBay
ASUS VivoBook 15,79670.12,5.0,2024-12-31,Amazon
Dell Inspiron 15,63452.93,7.0,2025-03-02,Flipkart
Lenovo IdeaPad 3,73364.11,16.0,2024-08-14,eBay
Dell Inspiron 15,73569.93,7.0,2023-04-06,Amazon
Dell Inspiron 15,53053.71,15.0,2023-09-02,Flipkart
MacBook Air M2,64489.18,17.0,2024-03-20,eBay
Dell Inspiron 15,55757.37,7.0,2023-04-07,Amazon
ASUS VivoBook 15,74175.58,10.0,2024-05-23,Flipkart
Lenovo IdeaPad 3,67999.62,20.0,2025-01-28,eBay
Dell Inspiron 15,52051.9,15.0,2023-10-09,Amazon
MacBook Air M2,65458.71,13.0,2024-09-21,Flipkart
ASUS VivoBook 15,77271.58,9.0,2023-09-23,eBay
Lenovo IdeaPad 3,60681.56,10.0,2024-05-31,Amazon
ASUS VivoBook 15,65915.7,18.0,2023-08-10,Flipkart
ASUS VivoBook 15,63251.38,12.0,2024-02-16,eBay
Dell Inspiron 15,66031.11,13.0,2024-10-25,Amazon
Lenovo IdeaPad 3,71566.01,6.0,2024-06-18,Flipkart
Lenovo IdeaPad 3,51154.89,12.0,2024-07-16,eBay
ASUS VivoBook 15,59697.46,6.0,2023-04-21,Amazon
Lenovo IdeaPad 3,76259.02,18.0,2024-07-03,Flipkart
HP Pavilion 14,75264.04,18.0,2024-12-24,eBay
Dell Inspiron 15,70022.08,5.0,2023-07-13,Amazon
ASUS VivoBook 15,73658.07,13.0,2023-06-29,Flipkart
HP Pavilion 14,60823.5,20.0,2023-11-19,eBay
Lenovo IdeaPad 3,75541.75,14.0,2023-08-30,Amazon
ASUS VivoBook 15,60849.14,20.0,2023-06-13,Flipkart
ASUS VivoBook 15,61425.81,10.0,2025-01-20,eBay
MacBook Air M2,65001.29,19.0,2023-10-06,Amazon
MacBook Air M2,79816.36,14.0,2023-10-11,Flipkart
Acer Aspire 5,76913.48,9.0,2023-09-14,eBay
HP Pavilion 14,72871.89,14.0,2023-05-14,Amazon
Dell Inspiron 15,62551.5,17.0,2023-06-05,Flipkart
Lenovo IdeaPad 3,65999.69,10.0,2024-08-31,eBay
Lenovo IdeaPad 3,54974.24,16.0,2023-03-31,Amazon
Lenovo IdeaPad 3,52943.17,7.0,2025-03-09,Flipkart
Lenovo IdeaPad 3,75502.81,19.0,2024-09-02,eBay
Acer Aspire 5,70689.74,7.0,2025-01-29,Amazon
Lenovo IdeaPad 3,51173.95,19.0,2023-08-29,Flipkart
HP Pavilion 14,62878.18,6.0,2025-02-16,eBay
Dell Inspiron 15,66668.01,11.0,2023-12-30,Amazon
MacBook Air M2,53049.17,13.0,2023-07-14,Flipkart
Acer Aspire 5,67541.98,7.0,2024-06-09,eBay
Acer Aspire 5,66754.65,6.0,2024-06-17,Amazon
MacBook Air M2,72673.15,16.0,2024-01-05,Flipkart
Dell Inspiron 15,64235.81,9.0,2024-09-26,eBay
ASUS VivoBook 15,68251.08,14.0,2023-09-22,Amazon
ASUS VivoBook 15,69337.06,12.0,2024-02-15,Flipkart
HP Pavilion 14,65897.85,15.0,2023-06-11,eBay
MacBook Air M2,52213.69,6.0,2023-07-06,Amazon
Dell Inspiron 15,70065.54,20.0,2023-09-11,Flipkart
Lenovo IdeaPad 3,68201.87,15.0,2024-02-24,eBay
MacBook Air M2,79148.02,18.0,2024-02-10,Amazon
MacBook Air M2,65493.32,13.0,2023-08-25,Flipkart
Lenovo IdeaPad 3,59672.94,9.0,2024-11-17,eBay
HP Pavilion 14,55687.73,20.0,2023-09-13,Amazon
MacBook Air M2,64318.42,16.0,2024-04-27,Flipkart
Lenovo IdeaPad 3,75466.19,16.0,2023-10-29,eBay
Acer Aspire 5,56462.13,19.0,2024-05-31,Amazon
MacBook Air M2,79924.2,13.0,2024-12-14,Flipkart
Dell Inspiron 15,54068.16,13.0,2023-11-09,eBay
Acer Aspire 5,54450.63,8.0,2023-04-08,Amazon
Lenovo IdeaPad 3,73014.58,8.0,2023-05-05,Flipkart
Acer Aspire 5,78843.53,12.0,2025-03-04,eBay
Dell Inspiron 15,50927.92,11.0,2023-11-02,Amazon
Lenovo IdeaPad 3,61454.93,17.0,2024-12-04,Flipkart
MacBook Air M2,50017.89,7.0,2024-03-20,eBay
MacBook Air M2,53600.79,14.0,2023-08-04,Amazon
Dell Inspiron 15,64031.11,13.0,2024-12-04,Flipkart
Lenovo IdeaPad 3,63257.23,17.0,2024-07-25,eBay
Acer Aspire 5,53742.34,19.0,2025-01-17,Amazon
Dell Inspiron 15,69505.77,15.0,2024-02-18,Flipkart
HP Pavilion 14,76636.95,9.0,2023-10-03,eBay
Lenovo IdeaPad 3,64025.06,7.0,2023-10-19,Amazon
Lenovo IdeaPad 3,69782.3,10.0,2023-11-28,Flipkart
Acer Aspire 5,54175.17,6.0,2024-07-10,eBay
Dell Inspiron 15,73156.12,14.0,2023-07-20,Amazon
ASUS VivoBook 15,56377.49,10.0,2024-08-26,Flipkart
HP Pavilion 14,50949.69,17.0,2023-07-04,eBay
Dell Inspiron 15,67633.96,19.0,2024-03-26,Amazon
Lenovo IdeaPad 3,55579.2,16.0,2023-08-30,Flipkart
Dell Inspiron 15,67574.81,17.0,2024-06-15,eBay
ASUS VivoBook 15,64048.65,7.0,2024-03-20,Amazon
Acer Aspire 5,60124.33,11.0,2024-11-18,Flipkart
Lenovo IdeaPad 3,79573.22,15.0,2025-03-11,eBay
Dell Inspiron 15,73416.49,14.0,2024-10-29,Amazon
MacBook Air M2,77611.88,5.0,2025-02-02,Flipkart
Lenovo IdeaPad 3,63557.3,20.0,2024-08-23,eBay
MacBook Air M2,61414.78,16.0,2024-06-25,Amazon
Dell Inspiron 15,69423.46,18.0,2023-05-26,Flipkart
Acer Aspire 5,59985.76,20.0,2023-06-17,eBay
ASUS VivoBook 15,52759.69,9.0,2024-08-05,Amazon
HP Pavilion 14,76608.44,13.0,2023-11-22,Flipkart
Acer Aspire 5,68342.01,7.0,2024-04-29,eBay
MacBook Air M2,58028.99,17.0,2024-02-20,Amazon
Dell Inspiron 15,63007.59,7.0,2023-10-15,Flipkart
Acer Aspire 5,63466.11,13.0,2024-02-24,eBay
MacBook Air M2,55763.57,17.0,2025-02-02,Amazon
Lenovo IdeaPad 3,60391.07,14.0,2023-09-10,Flipkart
HP Pavilion 14,51822.59,15.0,2024-08-07,eBay
HP Pavilion 14,70781.48,10.0,2024-04-26,Amazon
Lenovo IdeaPad 3,76680.95,12.0,2024-05-06,Flipkart
HP Pavilion 14,69439.88,11.0,2024-09-01,eBay
Lenovo IdeaPad 3,74887.01,15.0,2024-08-18,Amazon
Lenovo IdeaPad 3,65516.13,12.0,2023-05-23,Flipkart
Dell Inspiron 15,62802.59,18.0,2024-03-29,eBay
HP Pavilion 14,68811.13,17.0,2024-02-22,Amazon
HP Pavilion 14,67428.8,20.0,2023-05-17,Flipkart
Lenovo IdeaPad 3,78613.35,13.0,2025-01-30,eBay
ASUS VivoBook 15,62846.08,10.0,2023-12-02,Amazon
ASUS VivoBook 15,72002.67,15.0,2024-06-01,Flipkart
Dell Inspiron 15,50420.93,7.0,2024-03-28,eBay
Acer Aspire 5,61393.38,12.0,2023-09-23,Amazon
Acer Aspire 5,61547.31,15.0,2023-08-29,Flipkart
HP Pavilion 14,56053.28,11.0,2024-11-23,eBay
Dell Inspiron 15,51805.68,20.0,2025-03-15,Amazon
MacBook Air M2,67419.88,9.0,2024-02-07,Flipkart
Dell Inspiron 15,74843.58,7.0,2023-04-02,eBay
Dell Inspiron 15,61674.63,17.0,2024-01-23,Amazon
Acer Aspire 5,77760.56,11.0,2023-12-31,Flipkart
ASUS VivoBook 15,58003.16,5.0,2023-08-12,eBay
ASUS VivoBook 15,64831.6,9.0,2024-10-29,Amazon
HP Pavilion 14,77772.88,12.0,2024-07-03,Flipkart
Acer Aspire 5,73422.03,10.0,2024-10-18,eBay
Lenovo IdeaPad 3,67770.86,11.0,2024-01-22,Amazon
ASUS VivoBook 15,68092.62,8.0,2025-01-12,Flipkart
Acer Aspire 5,65547.87,6.0,2023-09-15,eBay
Dell Inspiron 15,74836.55,7.0,2023-05-16,Amazon
Dell Inspiron 15,57914.4,16.0,2024-06-13,Flipkart
Dell Inspiron 15,64824.1,7.0,2024-01-02,eBay
Acer Aspire 5,66492.21,19.0,2023-07-06,Amazon
Acer Aspire 5,56298.26,6.0,2023-08-02,Flipkart
ASUS VivoBook 15,70404.46,9.0,2024-04-12,eBay
Dell Inspiron 15,56106.37,13.0,2024-01-09,Amazon
MacBook Air M2,68374.94,5.0,2024-12-05,Flipkart
MacBook Air M2,78506.43,16.0,2024-02-20,eBay
Acer Aspire 5,75645.69,12.0,2024-08-21,Amazon
ASUS VivoBook 15,74533.2,20.0,2025-02-10,Flipkart
ASUS VivoBook 15,52749.97,19.0,2024-10-21,eBay
HP Pavilion 14,77163.2,17.0,2025-02-23,Amazon
Acer Aspire 5,53872.89,20.0,2024-09-21,Flipkart
HP Pavilion 14,53528.34,15.0,2025-02-08,eBay
Dell Inspiron 15,60901.61,13.0,2024-05-30,Amazon
Lenovo IdeaPad 3,59905.91,17.0,2024-12-21,Flipkart
Dell Inspiron 15,75737.66,11.0,2025-01-13,eBay
HP Pavilion 14,75723.9,15.0,2024-03-20,Amazon
Acer Aspire 5,76166.38,10.0,2023-08-27,Flipkart
Lenovo IdeaPad 3,51148.97,14.0,2023-08-27,eBay
HP Pavilion 14,59824.51,18.0,2024-07-26,Amazon
Dell Inspiron 15,59179.46,19.0,2023-07-09,Flipkart
Lenovo IdeaPad 3,72647.26,9.0,2024-01-14,eBay
MacBook Air M2,74066.0,12.0,2024-08-06,Amazon
Acer Aspire 5,68739.01,5.0,2024-07-06,Flipkart
Lenovo IdeaPad 3,68366.76,17.0,2024-04-09,eBay
Dell Inspiron 15,70944.18,8.0,2023-11-21,Amazon
ASUS VivoBook 15,72197.39,20.0,2024-07-02,Flipkart
MacBook Air M2,71754.54,15.0,2023-12-14,eBay
Lenovo IdeaPad 3,56129.35,20.0,2023-09-22,Amazon
MacBook Air M2,61674.97,15.0,2023-10-08,Flipkart
Dell Inspiron 15,54211.63,5.0,2024-05-13,eBay
Acer Aspire 5,76857.49,5.0,2024-01-11,Amazon
HP Pavilion 14,79732.06,13.0,2023-11-01,Flipkart
Acer Aspire 5,79121.84,9.0,2024-09-21,eBay
HP Pavilion 14,75249.99,19.0,2023-11-04,Amazon
Lenovo IdeaPad 3,58483.15,12.0,2024-06-18,Flipkart
ASUS VivoBook 15,60980.29,12.0,2024-01-30,eBay
ASUS VivoBook 15,53216.83,18.0,2023-04-19,Amazon
Dell Inspiron 15,76111.68,7.0,2024-08-21,Flipkart
