product_name,price,discount,date,source
"OPP0 Reno13 5G (Ivory White, 8GB RAM+ 256GB Storage) | Mediatek Dimensity 8350 | AMOLED Display | Dual  SIM | 5600 mAh  Battery",36490,0.00%,03-02-2025,Amazon
"OPP0 Reno13 5G (Ivory White, 8GB RAM+ 256GB Storage) | Mediatek Dimensity 8350 | AMOLED Display | Dual  SIM | 5600 mAh  Battery",34990,4.11%,21-02-2025,Amazon
"OPP0 Reno13 5G (Ivory White, 8GB RAM+ 256GB Storage) | Mediatek Dimensity 8350 | AMOLED Display | Dual  SIM | 5600 mAh  Battery",34990,4.11%,22-02-2025,Amazon
"OPP0 Reno13 5G (Ivory White, 8GB RAM+ 256GB Storage) | Mediatek Dimensity 8350 | AMOLED Display | Dual  SIM | 5600 mAh  Battery",34490,5.48%,24-02-2025,Amazon
"OPP0 Reno13 5G (Ivory White, 8GB RAM+ 256GB Storage) | Mediatek Dimensity 8350 | AMOLED Display | Dual  SIM | 5600 mAh  Battery",32490,10.96%,03-03-2025,Amazon
"OPP0 Reno13 5G (Ivory White, 8GB RAM+ 256GB Storage) | Mediatek Dimensity 8350 | AMOLED Display | Dual  SIM | 5600 mAh  Battery",34400,5.73%,13-03-2025,Amazon
DELL AIO Inspiron 5430 Core i7 (8 GB DDR4/1024 GB SSD/Windows 11 Home/24 Inch Screen/AIO Inspiron 5430 Core 7 150U),98890,0.00%,17-10-2024,Flipkart
DELL AIO Inspiron 5430 Core i7 (8 GB DDR4/1024 GB SSD/Windows 11 Home/24 Inch Screen/AIO Inspiron 5430 Core 7 150U),98890,0.00%,18-10-2024,Flipkart
DELL AIO Inspiron 5430 Core i7 (8 GB DDR4/1024 GB SSD/Windows 11 Home/24 Inch Screen/AIO Inspiron 5430 Core 7 150U),98890,0.00%,19-10-2024,Flipkart
DELL AIO Inspiron 5430 Core i7 (8 GB DDR4/1024 GB SSD/Windows 11 Home/24 Inch Screen/AIO Inspiron 5430 Core 7 150U),98890,0.00%,21-10-2024,Flipkart
DELL AIO Inspiron 5430 Core i7 (8 GB DDR4/1024 GB SSD/Windows 11 Home/24 Inch Screen/AIO Inspiron 5430 Core 7 150U),98890,0.00%,22-10-2024,Flipkart
DELL AIO Inspiron 5430 Core i7 (8 GB DDR4/1024 GB SSD/Windows 11 Home/24 Inch Screen/AIO Inspiron 5430 Core 7 150U),98890,0.00%,23-10-2024,Flipkart
DELL AIO Inspiron 5430 Core i7 (8 GB DDR4/1024 GB SSD/Windows 11 Home/24 Inch Screen/AIO Inspiron 5430 Core 7 150U),98890,0.00%,24-10-2024,Flipkart
DELL AIO Inspiron 5430 Core i7 (8 GB DDR4/1024 GB SSD/Windows 11 Home/24 Inch Screen/AIO Inspiron 5430 Core 7 150U),98890,0.00%,25-10-2024,Flipkart
DELL AIO Inspiron 5430 Core i7 (8 GB DDR4/1024 GB SSD/Windows 11 Home/24 Inch Screen/AIO Inspiron 5430 Core 7 150U),98890,0.00%,26-10-2024,Flipkart
DELL AIO Inspiron 5430 Core i7 (8 GB DDR4/1024 GB SSD/Windows 11 Home/24 Inch Screen/AIO Inspiron 5430 Core 7 150U),98890,0.00%,27-10-2024,Flipkart
DELL AIO Inspiron 5430 Core i7 (8 GB DDR4/1024 GB SSD/Windows 11 Home/24 Inch Screen/AIO Inspiron 5430 Core 7 150U),98890,0.00%,28-10-2024,Flipkart
DELL AIO Inspiron 5430 Core i7 (8 GB DDR4/1024 GB SSD/Windows 11 Home/24 Inch Screen/AIO Inspiron 5430 Core 7 150U),98890,0.00%,29-10-2024,Flipkart
DELL AIO Inspiron 5430 Core i7 (8 GB DDR4/1024 GB SSD/Windows 11 Home/24 Inch Screen/AIO Inspiron 5430 Core 7 150U),98890,0.00%,30-10-2024,Flipkart
DELL AIO Inspiron 5430 Core i7 (8 GB DDR4/1024 GB SSD/Windows 11 Home/24 Inch Screen/AIO Inspiron 5430 Core 7 150U),98890,0.00%,31-10-2024,Flipkart
DELL AIO Inspiron 5430 Core i7 (8 GB DDR4/1024 GB SSD/Windows 11 Home/24 Inch Screen/AIO Inspiron 5430 Core 7 150U),98890,0.00%,02-11-2024,Flipkart
DELL AIO Inspiron 5430 Core i7 (8 GB DDR4/1024 GB SSD/Windows 11 Home/24 Inch Screen/AIO Inspiron 5430 Core 7 150U),98890,0.00%,02-11-2024,Flipkart
DELL AIO Inspiron 5430 Core i7 (8 GB DDR4/1024 GB SSD/Windows 11 Home/24 Inch Screen/AIO Inspiron 5430 Core 7 150U),98890,0.00%,04-11-2024,Flipkart
DELL AIO Inspiron 5430 Core i7 (8 GB DDR4/1024 GB SSD/Windows 11 Home/24 Inch Screen/AIO Inspiron 5430 Core 7 150U),98890,0.00%,05-11-2024,Flipkart
DELL AIO Inspiron 5430 Core i7 (8 GB DDR4/1024 GB SSD/Windows 11 Home/24 Inch Screen/AIO Inspiron 5430 Core 7 150U),98890,0.00%,07-11-2024,Flipkart
DELL AIO Inspiron 5430 Core i7 (8 GB DDR4/1024 GB SSD/Windows 11 Home/24 Inch Screen/AIO Inspiron 5430 Core 7 150U),98890,0.00%,09-11-2024,Flipkart
DELL AIO Inspiron 5430 Core i7 (8 GB DDR4/1024 GB SSD/Windows 11 Home/24 Inch Screen/AIO Inspiron 5430 Core 7 150U),98890,0.00%,11-11-2024,Flipkart
DELL AIO Inspiron 5430 Core i7 (8 GB DDR4/1024 GB SSD/Windows 11 Home/24 Inch Screen/AIO Inspiron 5430 Core 7 150U),98890,0.00%,12-11-2024,Flipkart
DELL AIO Inspiron 5430 Core i7 (8 GB DDR4/1024 GB SSD/Windows 11 Home/24 Inch Screen/AIO Inspiron 5430 Core 7 150U),98890,0.00%,13-11-2024,Flipkart
DELL AIO Inspiron 5430 Core i7 (8 GB DDR4/1024 GB SSD/Windows 11 Home/24 Inch Screen/AIO Inspiron 5430 Core 7 150U),98890,0.00%,14-11-2024,Flipkart
DELL AIO Inspiron 5430 Core i7 (8 GB DDR4/1024 GB SSD/Windows 11 Home/24 Inch Screen/AIO Inspiron 5430 Core 7 150U),98890,0.00%,16-11-2024,Flipkart
DELL AIO Inspiron 5430 Core i7 (8 GB DDR4/1024 GB SSD/Windows 11 Home/24 Inch Screen/AIO Inspiron 5430 Core 7 150U),98890,0.00%,17-11-2024,Flipkart
DELL AIO Inspiron 5430 Core i7 (8 GB DDR4/1024 GB SSD/Windows 11 Home/24 Inch Screen/AIO Inspiron 5430 Core 7 150U),98890,0.00%,18-11-2024,Flipkart
DELL AIO Inspiron 5430 Core i7 (8 GB DDR4/1024 GB SSD/Windows 11 Home/24 Inch Screen/AIO Inspiron 5430 Core 7 150U),98890,0.00%,19-11-2024,Flipkart
DELL AIO Inspiron 5430 Core i7 (8 GB DDR4/1024 GB SSD/Windows 11 Home/24 Inch Screen/AIO Inspiron 5430 Core 7 150U),98890,0.00%,21-11-2024,Flipkart
DELL AIO Inspiron 5430 Core i7 (8 GB DDR4/1024 GB SSD/Windows 11 Home/24 Inch Screen/AIO Inspiron 5430 Core 7 150U),98890,0.00%,22-11-2024,Flipkart
DELL AIO Inspiron 5430 Core i7 (8 GB DDR4/1024 GB SSD/Windows 11 Home/24 Inch Screen/AIO Inspiron 5430 Core 7 150U),98890,0.00%,24-11-2024,Flipkart
DELL AIO Inspiron 5430 Core i7 (8 GB DDR4/1024 GB SSD/Windows 11 Home/24 Inch Screen/AIO Inspiron 5430 Core 7 150U),98890,0.00%,25-11-2024,Flipkart
DELL AIO Inspiron 5430 Core i7 (8 GB DDR4/1024 GB SSD/Windows 11 Home/24 Inch Screen/AIO Inspiron 5430 Core 7 150U),98890,0.00%,26-11-2024,Flipkart
DELL AIO Inspiron 5430 Core i7 (8 GB DDR4/1024 GB SSD/Windows 11 Home/24 Inch Screen/AIO Inspiron 5430 Core 7 150U),98890,0.00%,27-11-2024,Flipkart
DELL AIO Inspiron 5430 Core i7 (8 GB DDR4/1024 GB SSD/Windows 11 Home/24 Inch Screen/AIO Inspiron 5430 Core 7 150U),98890,0.00%,28-11-2024,Flipkart
DELL AIO Inspiron 5430 Core i7 (8 GB DDR4/1024 GB SSD/Windows 11 Home/24 Inch Screen/AIO Inspiron 5430 Core 7 150U),98890,0.00%,29-11-2024,Flipkart
DELL AIO Inspiron 5430 Core i7 (8 GB DDR4/1024 GB SSD/Windows 11 Home/24 Inch Screen/AIO Inspiron 5430 Core 7 150U),98890,0.00%,30-11-2024,Flipkart
DELL AIO Inspiron 5430 Core i7 (8 GB DDR4/1024 GB SSD/Windows 11 Home/24 Inch Screen/AIO Inspiron 5430 Core 7 150U),98890,0.00%,01-12-2024,Flipkart
DELL AIO Inspiron 5430 Core i7 (8 GB DDR4/1024 GB SSD/Windows 11 Home/24 Inch Screen/AIO Inspiron 5430 Core 7 150U),98890,0.00%,02-12-2024,Flipkart
DELL AIO Inspiron 5430 Core i7 (8 GB DDR4/1024 GB SSD/Windows 11 Home/24 Inch Screen/AIO Inspiron 5430 Core 7 150U),98890,0.00%,04-12-2024,Flipkart
DELL AIO Inspiron 5430 Core i7 (8 GB DDR4/1024 GB SSD/Windows 11 Home/24 Inch Screen/AIO Inspiron 5430 Core 7 150U),98890,0.00%,05-12-2024,Flipkart
DELL AIO Inspiron 5430 Core i7 (8 GB DDR4/1024 GB SSD/Windows 11 Home/24 Inch Screen/AIO Inspiron 5430 Core 7 150U),98890,0.00%,06-12-2024,Flipkart
DELL AIO Inspiron 5430 Core i7 (8 GB DDR4/1024 GB SSD/Windows 11 Home/24 Inch Screen/AIO Inspiron 5430 Core 7 150U),98890,0.00%,07-12-2024,Flipkart
DELL AIO Inspiron 5430 Core i7 (8 GB DDR4/1024 GB SSD/Windows 11 Home/24 Inch Screen/AIO Inspiron 5430 Core 7 150U),98890,0.00%,08-12-2024,Flipkart
DELL AIO Inspiron 5430 Core i7 (8 GB DDR4/1024 GB SSD/Windows 11 Home/24 Inch Screen/AIO Inspiron 5430 Core 7 150U),98890,0.00%,09-12-2024,Flipkart
DELL AIO Inspiron 5430 Core i7 (8 GB DDR4/1024 GB SSD/Windows 11 Home/24 Inch Screen/AIO Inspiron 5430 Core 7 150U),98890,0.00%,10-12-2024,Flipkart
DELL AIO Inspiron 5430 Core i7 (8 GB DDR4/1024 GB SSD/Windows 11 Home/24 Inch Screen/AIO Inspiron 5430 Core 7 150U),98890,0.00%,12-12-2024,Flipkart
DELL AIO Inspiron 5430 Core i7 (8 GB DDR4/1024 GB SSD/Windows 11 Home/24 Inch Screen/AIO Inspiron 5430 Core 7 150U),98890,0.00%,13-12-2024,Flipkart
DELL AIO Inspiron 5430 Core i7 (8 GB DDR4/1024 GB SSD/Windows 11 Home/24 Inch Screen/AIO Inspiron 5430 Core 7 150U),98890,0.00%,14-12-2024,Flipkart
DELL AIO Inspiron 5430 Core i7 (8 GB DDR4/1024 GB SSD/Windows 11 Home/24 Inch Screen/AIO Inspiron 5430 Core 7 150U),98890,0.00%,16-12-2024,Flipkart
DELL AIO Inspiron 5430 Core i7 (8 GB DDR4/1024 GB SSD/Windows 11 Home/24 Inch Screen/AIO Inspiron 5430 Core 7 150U),98890,0.00%,17-12-2024,Flipkart
DELL AIO Inspiron 5430 Core i7 (8 GB DDR4/1024 GB SSD/Windows 11 Home/24 Inch Screen/AIO Inspiron 5430 Core 7 150U),98890,0.00%,18-12-2024,Flipkart
DELL AIO Inspiron 5430 Core i7 (8 GB DDR4/1024 GB SSD/Windows 11 Home/24 Inch Screen/AIO Inspiron 5430 Core 7 150U),98890,0.00%,19-12-2024,Flipkart
DELL AIO Inspiron 5430 Core i7 (8 GB DDR4/1024 GB SSD/Windows 11 Home/24 Inch Screen/AIO Inspiron 5430 Core 7 150U),98890,0.00%,20-12-2024,Flipkart
DELL AIO Inspiron 5430 Core i7 (8 GB DDR4/1024 GB SSD/Windows 11 Home/24 Inch Screen/AIO Inspiron 5430 Core 7 150U),98890,0.00%,21-12-2024,Flipkart
DELL AIO Inspiron 5430 Core i7 (8 GB DDR4/1024 GB SSD/Windows 11 Home/24 Inch Screen/AIO Inspiron 5430 Core 7 150U),98890,0.00%,22-12-2024,Flipkart
DELL AIO Inspiron 5430 Core i7 (8 GB DDR4/1024 GB SSD/Windows 11 Home/24 Inch Screen/AIO Inspiron 5430 Core 7 150U),98890,0.00%,23-12-2024,Flipkart
DELL AIO Inspiron 5430 Core i7 (8 GB DDR4/1024 GB SSD/Windows 11 Home/24 Inch Screen/AIO Inspiron 5430 Core 7 150U),98890,0.00%,24-12-2024,Flipkart
DELL AIO Inspiron 5430 Core i7 (8 GB DDR4/1024 GB SSD/Windows 11 Home/24 Inch Screen/AIO Inspiron 5430 Core 7 150U),98890,0.00%,26-12-2024,Flipkart
DELL AIO Inspiron 5430 Core i7 (8 GB DDR4/1024 GB SSD/Windows 11 Home/24 Inch Screen/AIO Inspiron 5430 Core 7 150U),98890,0.00%,27-12-2024,Flipkart
DELL AIO Inspiron 5430 Core i7 (8 GB DDR4/1024 GB SSD/Windows 11 Home/24 Inch Screen/AIO Inspiron 5430 Core 7 150U),98890,0.00%,28-12-2024,Flipkart
DELL AIO Inspiron 5430 Core i7 (8 GB DDR4/1024 GB SSD/Windows 11 Home/24 Inch Screen/AIO Inspiron 5430 Core 7 150U),98890,0.00%,29-12-2024,Flipkart
DELL AIO Inspiron 5430 Core i7 (8 GB DDR4/1024 GB SSD/Windows 11 Home/24 Inch Screen/AIO Inspiron 5430 Core 7 150U),98890,0.00%,31-12-2024,Flipkart
DELL AIO Inspiron 5430 Core i7 (8 GB DDR4/1024 GB SSD/Windows 11 Home/24 Inch Screen/AIO Inspiron 5430 Core 7 150U),98890,0.00%,01-01-2025,Flipkart
DELL AIO Inspiron 5430 Core i7 (8 GB DDR4/1024 GB SSD/Windows 11 Home/24 Inch Screen/AIO Inspiron 5430 Core 7 150U),98890,0.00%,02-01-2025,Flipkart
DELL AIO Inspiron 5430 Core i7 (8 GB DDR4/1024 GB SSD/Windows 11 Home/24 Inch Screen/AIO Inspiron 5430 Core 7 150U),98890,0.00%,04-01-2025,Flipkart
DELL AIO Inspiron 5430 Core i7 (8 GB DDR4/1024 GB SSD/Windows 11 Home/24 Inch Screen/AIO Inspiron 5430 Core 7 150U),98890,0.00%,06-01-2025,Flipkart
DELL AIO Inspiron 5430 Core i7 (8 GB DDR4/1024 GB SSD/Windows 11 Home/24 Inch Screen/AIO Inspiron 5430 Core 7 150U),98890,0.00%,07-01-2025,Flipkart
DELL AIO Inspiron 5430 Core i7 (8 GB DDR4/1024 GB SSD/Windows 11 Home/24 Inch Screen/AIO Inspiron 5430 Core 7 150U),98890,0.00%,10-01-2025,Flipkart
DELL AIO Inspiron 5430 Core i7 (8 GB DDR4/1024 GB SSD/Windows 11 Home/24 Inch Screen/AIO Inspiron 5430 Core 7 150U),98890,0.00%,12-01-2025,Flipkart
DELL AIO Inspiron 5430 Core i7 (8 GB DDR4/1024 GB SSD/Windows 11 Home/24 Inch Screen/AIO Inspiron 5430 Core 7 150U),103890,-5.06%,13-01-2025,Flipkart
DELL AIO Inspiron 5430 Core i7 (8 GB DDR4/1024 GB SSD/Windows 11 Home/24 Inch Screen/AIO Inspiron 5430 Core 7 150U),103890,-5.06%,14-01-2025,Flipkart
DELL AIO Inspiron 5430 Core i7 (8 GB DDR4/1024 GB SSD/Windows 11 Home/24 Inch Screen/AIO Inspiron 5430 Core 7 150U),103890,-5.06%,15-01-2025,Flipkart
DELL AIO Inspiron 5430 Core i7 (8 GB DDR4/1024 GB SSD/Windows 11 Home/24 Inch Screen/AIO Inspiron 5430 Core 7 150U),103890,-5.06%,16-01-2025,Flipkart
DELL AIO Inspiron 5430 Core i7 (8 GB DDR4/1024 GB SSD/Windows 11 Home/24 Inch Screen/AIO Inspiron 5430 Core 7 150U),103890,-5.06%,17-01-2025,Flipkart
DELL AIO Inspiron 5430 Core i7 (8 GB DDR4/1024 GB SSD/Windows 11 Home/24 Inch Screen/AIO Inspiron 5430 Core 7 150U),103890,-5.06%,18-01-2025,Flipkart
DELL AIO Inspiron 5430 Core i7 (8 GB DDR4/1024 GB SSD/Windows 11 Home/24 Inch Screen/AIO Inspiron 5430 Core 7 150U),103890,-5.06%,19-01-2025,Flipkart
DELL AIO Inspiron 5430 Core i7 (8 GB DDR4/1024 GB SSD/Windows 11 Home/24 Inch Screen/AIO Inspiron 5430 Core 7 150U),103890,-5.06%,21-01-2025,Flipkart
DELL AIO Inspiron 5430 Core i7 (8 GB DDR4/1024 GB SSD/Windows 11 Home/24 Inch Screen/AIO Inspiron 5430 Core 7 150U),103890,-5.06%,23-01-2025,Flipkart
DELL AIO Inspiron 5430 Core i7 (8 GB DDR4/1024 GB SSD/Windows 11 Home/24 Inch Screen/AIO Inspiron 5430 Core 7 150U),103890,-5.06%,24-01-2025,Flipkart
DELL AIO Inspiron 5430 Core i7 (8 GB DDR4/1024 GB SSD/Windows 11 Home/24 Inch Screen/AIO Inspiron 5430 Core 7 150U),103890,-5.06%,25-01-2025,Flipkart
DELL AIO Inspiron 5430 Core i7 (8 GB DDR4/1024 GB SSD/Windows 11 Home/24 Inch Screen/AIO Inspiron 5430 Core 7 150U),103890,-5.06%,26-01-2025,Flipkart
DELL AIO Inspiron 5430 Core i7 (8 GB DDR4/1024 GB SSD/Windows 11 Home/24 Inch Screen/AIO Inspiron 5430 Core 7 150U),103890,-5.06%,27-01-2025,Flipkart
DELL AIO Inspiron 5430 Core i7 (8 GB DDR4/1024 GB SSD/Windows 11 Home/24 Inch Screen/AIO Inspiron 5430 Core 7 150U),103890,-5.06%,28-01-2025,Flipkart
DELL AIO Inspiron 5430 Core i7 (8 GB DDR4/1024 GB SSD/Windows 11 Home/24 Inch Screen/AIO Inspiron 5430 Core 7 150U),103890,-5.06%,29-01-2025,Flipkart
DELL AIO Inspiron 5430 Core i7 (8 GB DDR4/1024 GB SSD/Windows 11 Home/24 Inch Screen/AIO Inspiron 5430 Core 7 150U),103890,-5.06%,30-01-2025,Flipkart
DELL AIO Inspiron 5430 Core i7 (8 GB DDR4/1024 GB SSD/Windows 11 Home/24 Inch Screen/AIO Inspiron 5430 Core 7 150U),103890,-5.06%,31-01-2025,Flipkart
DELL AIO Inspiron 5430 Core i7 (8 GB DDR4/1024 GB SSD/Windows 11 Home/24 Inch Screen/AIO Inspiron 5430 Core 7 150U),103890,-5.06%,01-02-2025,Flipkart
DELL AIO Inspiron 5430 Core i7 (8 GB DDR4/1024 GB SSD/Windows 11 Home/24 Inch Screen/AIO Inspiron 5430 Core 7 150U),103890,-5.06%,02-02-2025,Flipkart
DELL AIO Inspiron 5430 Core i7 (8 GB DDR4/1024 GB SSD/Windows 11 Home/24 Inch Screen/AIO Inspiron 5430 Core 7 150U),103890,-5.06%,03-02-2025,Flipkart
DELL AIO Inspiron 5430 Core i7 (8 GB DDR4/1024 GB SSD/Windows 11 Home/24 Inch Screen/AIO Inspiron 5430 Core 7 150U),103890,-5.06%,04-02-2025,Flipkart
DELL AIO Inspiron 5430 Core i7 (8 GB DDR4/1024 GB SSD/Windows 11 Home/24 Inch Screen/AIO Inspiron 5430 Core 7 150U),103890,-5.06%,05-02-2025,Flipkart
DELL AIO Inspiron 5430 Core i7 (8 GB DDR4/1024 GB SSD/Windows 11 Home/24 Inch Screen/AIO Inspiron 5430 Core 7 150U),103890,-5.06%,06-02-2025,Flipkart
DELL AIO Inspiron 5430 Core i7 (8 GB DDR4/1024 GB SSD/Windows 11 Home/24 Inch Screen/AIO Inspiron 5430 Core 7 150U),103890,-5.06%,07-02-2025,Flipkart
DELL AIO Inspiron 5430 Core i7 (8 GB DDR4/1024 GB SSD/Windows 11 Home/24 Inch Screen/AIO Inspiron 5430 Core 7 150U),103890,-5.06%,08-02-2025,Flipkart
DELL AIO Inspiron 5430 Core i7 (8 GB DDR4/1024 GB SSD/Windows 11 Home/24 Inch Screen/AIO Inspiron 5430 Core 7 150U),103890,-5.06%,09-02-2025,Flipkart
DELL AIO Inspiron 5430 Core i7 (8 GB DDR4/1024 GB SSD/Windows 11 Home/24 Inch Screen/AIO Inspiron 5430 Core 7 150U),103890,-5.06%,11-02-2025,Flipkart
DELL AIO Inspiron 5430 Core i7 (8 GB DDR4/1024 GB SSD/Windows 11 Home/24 Inch Screen/AIO Inspiron 5430 Core 7 150U),103890,-5.06%,12-02-2025,Flipkart
DELL AIO Inspiron 5430 Core i7 (8 GB DDR4/1024 GB SSD/Windows 11 Home/24 Inch Screen/AIO Inspiron 5430 Core 7 150U),103890,-5.06%,13-02-2025,Flipkart
DELL AIO Inspiron 5430 Core i7 (8 GB DDR4/1024 GB SSD/Windows 11 Home/24 Inch Screen/AIO Inspiron 5430 Core 7 150U),103890,-5.06%,14-02-2025,Flipkart
DELL AIO Inspiron 5430 Core i7 (8 GB DDR4/1024 GB SSD/Windows 11 Home/24 Inch Screen/AIO Inspiron 5430 Core 7 150U),103890,-5.06%,16-02-2025,Flipkart
DELL AIO Inspiron 5430 Core i7 (8 GB DDR4/1024 GB SSD/Windows 11 Home/24 Inch Screen/AIO Inspiron 5430 Core 7 150U),103890,-5.06%,19-02-2025,Flipkart
DELL AIO Inspiron 5430 Core i7 (8 GB DDR4/1024 GB SSD/Windows 11 Home/24 Inch Screen/AIO Inspiron 5430 Core 7 150U),103890,-5.06%,20-02-2025,Flipkart
DELL AIO Inspiron 5430 Core i7 (8 GB DDR4/1024 GB SSD/Windows 11 Home/24 Inch Screen/AIO Inspiron 5430 Core 7 150U),103890,-5.06%,23-02-2025,Flipkart
DELL AIO Inspiron 5430 Core i7 (8 GB DDR4/1024 GB SSD/Windows 11 Home/24 Inch Screen/AIO Inspiron 5430 Core 7 150U),103890,-5.06%,25-02-2025,Flipkart
DELL AIO Inspiron 5430 Core i7 (8 GB DDR4/1024 GB SSD/Windows 11 Home/24 Inch Screen/AIO Inspiron 5430 Core 7 150U),103890,-5.06%,27-02-2025,Flipkart
DELL AIO Inspiron 5430 Core i7 (8 GB DDR4/1024 GB SSD/Windows 11 Home/24 Inch Screen/AIO Inspiron 5430 Core 7 150U),103890,-5.06%,28-02-2025,Flipkart
DELL AIO Inspiron 5430 Core i7 (8 GB DDR4/1024 GB SSD/Windows 11 Home/24 Inch Screen/AIO Inspiron 5430 Core 7 150U),103890,-5.06%,02-03-2025,Flipkart
DELL AIO Inspiron 5430 Core i7 (8 GB DDR4/1024 GB SSD/Windows 11 Home/24 Inch Screen/AIO Inspiron 5430 Core 7 150U),103890,-5.06%,03-03-2025,Flipkart
DELL AIO Inspiron 5430 Core i7 (8 GB DDR4/1024 GB SSD/Windows 11 Home/24 Inch Screen/AIO Inspiron 5430 Core 7 150U),103890,-5.06%,05-03-2025,Flipkart
DELL AIO Inspiron 5430 Core i7 (8 GB DDR4/1024 GB SSD/Windows 11 Home/24 Inch Screen/AIO Inspiron 5430 Core 7 150U),103890,-5.06%,06-03-2025,Flipkart
DELL AIO Inspiron 5430 Core i7 (8 GB DDR4/1024 GB SSD/Windows 11 Home/24 Inch Screen/AIO Inspiron 5430 Core 7 150U),103890,-5.06%,07-03-2025,Flipkart
DELL AIO Inspiron 5430 Core i7 (8 GB DDR4/1024 GB SSD/Windows 11 Home/24 Inch Screen/AIO Inspiron 5430 Core 7 150U),99990,-1.11%,08-03-2025,Flipkart
DELL AIO Inspiron 5430 Core i7 (8 GB DDR4/1024 GB SSD/Windows 11 Home/24 Inch Screen/AIO Inspiron 5430 Core 7 150U),99990,-1.11%,09-03-2025,Flipkart
DELL AIO Inspiron 5430 Core i7 (8 GB DDR4/1024 GB SSD/Windows 11 Home/24 Inch Screen/AIO Inspiron 5430 Core 7 150U),99990,-1.11%,10-03-2025,Flipkart
DELL AIO Inspiron 5430 Core i7 (8 GB DDR4/1024 GB SSD/Windows 11 Home/24 Inch Screen/AIO Inspiron 5430 Core 7 150U),99990,-1.11%,11-03-2025,Flipkart
DELL AIO Inspiron 5430 Core i7 (8 GB DDR4/1024 GB SSD/Windows 11 Home/24 Inch Screen/AIO Inspiron 5430 Core 7 150U),99990,-1.11%,12-03-2025,Flipkart
DELL AIO Inspiron 5430 Core i7 (8 GB DDR4/1024 GB SSD/Windows 11 Home/24 Inch Screen/AIO Inspiron 5430 Core 7 150U),99990,-1.11%,13-03-2025,Flipkart
DELL AIO Inspiron 5430 Core i7 (8 GB DDR4/1024 GB SSD/Windows 11 Home/24 Inch Screen/AIO Inspiron 5430 Core 7 150U),99990,-1.11%,14-03-2025,Flipkart
DELL AIO Inspiron 5430 Core i7 (8 GB DDR4/1024 GB SSD/Windows 11 Home/24 Inch Screen/AIO Inspiron 5430 Core 7 150U),99990,-1.11%,15-03-2025,Flipkart
Checked Shirt with Patch Pocket,1359,0.00%,28-09-2022,Myntra
Checked Shirt with Patch Pocket,1439,-5.89%,05-10-2022,Myntra
Checked Shirt with Patch Pocket,800,41.13%,25-10-2022,Myntra
Checked Shirt with Patch Pocket,1119,17.66%,28-10-2022,Myntra
Checked Shirt with Patch Pocket,991,27.08%,28-10-2022,Myntra
Checked Shirt with Patch Pocket,1119,17.66%,30-10-2022,Myntra
Checked Shirt with Patch Pocket,1119,17.66%,08-12-2022,Myntra
Checked Shirt with Patch Pocket,975,28.26%,10-12-2022,Myntra
Checked Shirt with Patch Pocket,991,27.08%,10-01-2023,Myntra
Checked Shirt with Patch Pocket,1119,17.66%,12-02-2023,Myntra
Checked Shirt with Patch Pocket,1039,23.55%,16-02-2023,Myntra
Checked Shirt with Patch Pocket,991,27.08%,17-02-2023,Myntra
Checked Shirt with Patch Pocket,1119,17.66%,19-02-2023,Myntra
Checked Shirt with Patch Pocket,991,27.08%,24-02-2023,Myntra
Checked Shirt with Patch Pocket,959,29.43%,24-02-2023,Myntra
Checked Shirt with Patch Pocket,991,27.08%,25-02-2023,Myntra
Checked Shirt with Patch Pocket,959,29.43%,28-02-2023,Myntra
Checked Shirt with Patch Pocket,1119,17.66%,28-02-2023,Myntra
Checked Shirt with Patch Pocket,959,29.43%,01-03-2023,Myntra
Checked Shirt with Patch Pocket,991,27.08%,03-03-2023,Myntra
Checked Shirt with Patch Pocket,959,29.43%,07-03-2023,Myntra
Checked Shirt with Patch Pocket,1119,17.66%,08-03-2023,Myntra
Checked Shirt with Patch Pocket,991,27.08%,10-03-2023,Myntra
Checked Shirt with Patch Pocket,1119,17.66%,12-03-2023,Myntra
Checked Shirt with Patch Pocket,991,27.08%,20-03-2023,Myntra
Checked Shirt with Patch Pocket,1119,17.66%,23-03-2023,Myntra
Checked Shirt with Patch Pocket,1119,17.66%,24-03-2023,Myntra
Checked Shirt with Patch Pocket,991,27.08%,25-03-2023,Myntra
Checked Shirt with Patch Pocket,1119,17.66%,31-03-2023,Myntra
Checked Shirt with Patch Pocket,1007,25.90%,01-04-2023,Myntra
Checked Shirt with Patch Pocket,1119,17.66%,02-04-2023,Myntra
Checked Shirt with Patch Pocket,1119,17.66%,03-04-2023,Myntra
Checked Shirt with Patch Pocket,1039,23.55%,04-04-2023,Myntra
Checked Shirt with Patch Pocket,991,27.08%,04-04-2023,Myntra
Checked Shirt with Patch Pocket,1119,17.66%,06-04-2023,Myntra
Checked Shirt with Patch Pocket,991,27.08%,08-04-2023,Myntra
Checked Shirt with Patch Pocket,991,27.08%,11-04-2023,Myntra
Checked Shirt with Patch Pocket,991,27.08%,12-04-2023,Myntra
Checked Shirt with Patch Pocket,991,27.08%,13-04-2023,Myntra
Checked Shirt with Patch Pocket,991,27.08%,14-04-2023,Myntra
Checked Shirt with Patch Pocket,1039,23.55%,16-04-2023,Myntra
Checked Shirt with Patch Pocket,991,27.08%,16-04-2023,Myntra
Checked Shirt with Patch Pocket,1119,17.66%,17-04-2023,Myntra
Checked Shirt with Patch Pocket,1103,18.84%,19-04-2023,Myntra
Checked Shirt with Patch Pocket,1023,24.72%,22-04-2023,Myntra
Checked Shirt with Patch Pocket,1039,23.55%,23-04-2023,Myntra
Checked Shirt with Patch Pocket,1023,24.72%,24-04-2023,Myntra
Checked Shirt with Patch Pocket,1023,24.72%,25-04-2023,Myntra
Checked Shirt with Patch Pocket,1023,24.72%,25-04-2023,Myntra
Checked Shirt with Patch Pocket,1119,17.66%,27-04-2023,Myntra
Checked Shirt with Patch Pocket,1023,24.72%,28-04-2023,Myntra
Checked Shirt with Patch Pocket,1119,17.66%,29-04-2023,Myntra
Checked Shirt with Patch Pocket,1119,17.66%,30-04-2023,Myntra
Checked Shirt with Patch Pocket,1119,17.66%,01-05-2023,Myntra
Checked Shirt with Patch Pocket,1119,17.66%,02-05-2023,Myntra
Checked Shirt with Patch Pocket,1119,17.66%,03-05-2023,Myntra
Checked Shirt with Patch Pocket,1119,17.66%,04-05-2023,Myntra
Checked Shirt with Patch Pocket,1119,17.66%,05-05-2023,Myntra
Checked Shirt with Patch Pocket,1119,17.66%,07-05-2023,Myntra
Checked Shirt with Patch Pocket,1119,17.66%,08-05-2023,Myntra
Checked Shirt with Patch Pocket,1119,17.66%,09-05-2023,Myntra
Checked Shirt with Patch Pocket,1119,17.66%,10-05-2023,Myntra
Checked Shirt with Patch Pocket,1119,17.66%,11-05-2023,Myntra
Checked Shirt with Patch Pocket,1119,17.66%,12-05-2023,Myntra
Checked Shirt with Patch Pocket,1119,17.66%,13-05-2023,Myntra
Checked Shirt with Patch Pocket,1119,17.66%,14-05-2023,Myntra
Checked Shirt with Patch Pocket,991,27.08%,14-05-2023,Myntra
Checked Shirt with Patch Pocket,991,27.08%,15-05-2023,Myntra
Checked Shirt with Patch Pocket,991,27.08%,16-05-2023,Myntra
Checked Shirt with Patch Pocket,991,27.08%,17-05-2023,Myntra
Checked Shirt with Patch Pocket,991,27.08%,18-05-2023,Myntra
Checked Shirt with Patch Pocket,991,27.08%,20-05-2023,Myntra
Checked Shirt with Patch Pocket,991,27.08%,21-05-2023,Myntra
Checked Shirt with Patch Pocket,991,27.08%,22-05-2023,Myntra
Checked Shirt with Patch Pocket,1119,17.66%,23-05-2023,Myntra
Checked Shirt with Patch Pocket,1119,17.66%,24-05-2023,Myntra
Checked Shirt with Patch Pocket,1119,17.66%,25-05-2023,Myntra
Checked Shirt with Patch Pocket,1119,17.66%,26-05-2023,Myntra
Checked Shirt with Patch Pocket,1119,17.66%,27-05-2023,Myntra
Checked Shirt with Patch Pocket,1119,17.66%,28-05-2023,Myntra
Checked Shirt with Patch Pocket,1119,17.66%,29-05-2023,Myntra
Checked Shirt with Patch Pocket,1119,17.66%,30-05-2023,Myntra
Checked Shirt with Patch Pocket,1119,17.66%,31-05-2023,Myntra
Checked Shirt with Patch Pocket,1119,17.66%,01-06-2023,Myntra
Checked Shirt with Patch Pocket,1119,17.66%,02-06-2023,Myntra
Checked Shirt with Patch Pocket,1119,17.66%,03-06-2023,Myntra
Checked Shirt with Patch Pocket,1119,17.66%,04-06-2023,Myntra
Checked Shirt with Patch Pocket,1119,17.66%,05-06-2023,Myntra
Checked Shirt with Patch Pocket,1119,17.66%,06-06-2023,Myntra
Checked Shirt with Patch Pocket,1119,17.66%,07-06-2023,Myntra
Checked Shirt with Patch Pocket,1119,17.66%,08-06-2023,Myntra
Checked Shirt with Patch Pocket,1119,17.66%,09-06-2023,Myntra
Checked Shirt with Patch Pocket,1119,17.66%,10-06-2023,Myntra
Checked Shirt with Patch Pocket,1119,17.66%,11-06-2023,Myntra
Checked Shirt with Patch Pocket,1119,17.66%,12-06-2023,Myntra
Checked Shirt with Patch Pocket,1119,17.66%,13-06-2023,Myntra
Checked Shirt with Patch Pocket,1119,17.66%,14-06-2023,Myntra
Checked Shirt with Patch Pocket,1119,17.66%,15-06-2023,Myntra
Checked Shirt with Patch Pocket,1119,17.66%,16-06-2023,Myntra
Checked Shirt with Patch Pocket,1119,17.66%,17-06-2023,Myntra
Checked Shirt with Patch Pocket,1119,17.66%,18-06-2023,Myntra
Checked Shirt with Patch Pocket,1119,17.66%,19-06-2023,Myntra
Checked Shirt with Patch Pocket,1119,17.66%,20-06-2023,Myntra
Checked Shirt with Patch Pocket,1119,17.66%,21-06-2023,Myntra
Checked Shirt with Patch Pocket,1119,17.66%,22-06-2023,Myntra
Checked Shirt with Patch Pocket,1119,17.66%,23-06-2023,Myntra
Checked Shirt with Patch Pocket,1119,17.66%,24-06-2023,Myntra
Checked Shirt with Patch Pocket,959,29.43%,24-06-2023,Myntra
Checked Shirt with Patch Pocket,959,29.43%,25-06-2023,Myntra
Checked Shirt with Patch Pocket,959,29.43%,27-06-2023,Myntra
Checked Shirt with Patch Pocket,959,29.43%,28-06-2023,Myntra
Checked Shirt with Patch Pocket,959,29.43%,29-06-2023,Myntra
Checked Shirt with Patch Pocket,959,29.43%,30-06-2023,Myntra
Checked Shirt with Patch Pocket,959,29.43%,01-07-2023,Myntra
Checked Shirt with Patch Pocket,959,29.43%,02-07-2023,Myntra
Checked Shirt with Patch Pocket,959,29.43%,03-07-2023,Myntra
Checked Shirt with Patch Pocket,799.5,41.17%,04-07-2023,Myntra
Checked Shirt with Patch Pocket,959,29.43%,04-07-2023,Myntra
Checked Shirt with Patch Pocket,959,29.43%,05-07-2023,Myntra
Checked Shirt with Patch Pocket,959,29.43%,06-07-2023,Myntra
Checked Shirt with Patch Pocket,959,29.43%,07-07-2023,Myntra
Checked Shirt with Patch Pocket,831,38.85%,07-07-2023,Myntra
Checked Shirt with Patch Pocket,831,38.85%,08-07-2023,Myntra
Checked Shirt with Patch Pocket,831,38.85%,09-07-2023,Myntra
Checked Shirt with Patch Pocket,831,38.85%,10-07-2023,Myntra
Checked Shirt with Patch Pocket,831,38.85%,11-07-2023,Myntra
Checked Shirt with Patch Pocket,831,38.85%,12-07-2023,Myntra
Checked Shirt with Patch Pocket,831,38.85%,13-07-2023,Myntra
Checked Shirt with Patch Pocket,831,38.85%,14-07-2023,Myntra
Checked Shirt with Patch Pocket,831,38.85%,15-07-2023,Myntra
Checked Shirt with Patch Pocket,959,29.43%,16-07-2023,Myntra
Checked Shirt with Patch Pocket,959,29.43%,17-07-2023,Myntra
Checked Shirt with Patch Pocket,959,29.43%,18-07-2023,Myntra
Checked Shirt with Patch Pocket,959,29.43%,19-07-2023,Myntra
Checked Shirt with Patch Pocket,959,29.43%,20-07-2023,Myntra
Checked Shirt with Patch Pocket,911,32.97%,20-07-2023,Myntra
Checked Shirt with Patch Pocket,911,32.97%,21-07-2023,Myntra
Checked Shirt with Patch Pocket,911,32.97%,22-07-2023,Myntra
Checked Shirt with Patch Pocket,911,32.97%,24-07-2023,Myntra
Checked Shirt with Patch Pocket,911,32.97%,25-07-2023,Myntra
Checked Shirt with Patch Pocket,911,32.97%,26-07-2023,Myntra
Checked Shirt with Patch Pocket,911,32.97%,27-07-2023,Myntra
Checked Shirt with Patch Pocket,1599,-17.66%,27-07-2023,Myntra
Checked Shirt with Patch Pocket,1599,-17.66%,28-07-2023,Myntra
Checked Shirt with Patch Pocket,911,32.97%,30-07-2023,Myntra
Checked Shirt with Patch Pocket,863,36.50%,04-08-2023,Myntra
Checked Shirt with Patch Pocket,959,29.43%,22-08-2023,Myntra
Checked Shirt with Patch Pocket,879,35.32%,23-08-2023,Myntra
Checked Shirt with Patch Pocket,879,35.32%,24-08-2023,Myntra
Checked Shirt with Patch Pocket,959,29.43%,25-08-2023,Myntra
Checked Shirt with Patch Pocket,863,36.50%,25-08-2023,Myntra
Checked Shirt with Patch Pocket,863,36.50%,26-08-2023,Myntra
Checked Shirt with Patch Pocket,959,29.43%,27-08-2023,Myntra
Checked Shirt with Patch Pocket,959,29.43%,27-08-2023,Myntra
Checked Shirt with Patch Pocket,959,29.43%,28-08-2023,Myntra
Checked Shirt with Patch Pocket,959,29.43%,29-08-2023,Myntra
Checked Shirt with Patch Pocket,959,29.43%,30-08-2023,Myntra
Checked Shirt with Patch Pocket,959,29.43%,31-08-2023,Myntra
Checked Shirt with Patch Pocket,831,38.85%,01-09-2023,Myntra
Checked Shirt with Patch Pocket,831,38.85%,02-09-2023,Myntra
Checked Shirt with Patch Pocket,959,29.43%,03-09-2023,Myntra
Checked Shirt with Patch Pocket,959,29.43%,04-09-2023,Myntra
Checked Shirt with Patch Pocket,959,29.43%,05-09-2023,Myntra
Checked Shirt with Patch Pocket,959,29.43%,05-09-2023,Myntra
Checked Shirt with Patch Pocket,959,29.43%,06-09-2023,Myntra
Checked Shirt with Patch Pocket,959,29.43%,07-09-2023,Myntra
Checked Shirt with Patch Pocket,831,38.85%,08-09-2023,Myntra
Checked Shirt with Patch Pocket,831,38.85%,09-09-2023,Myntra
Checked Shirt with Patch Pocket,831,38.85%,10-09-2023,Myntra
Checked Shirt with Patch Pocket,831,38.85%,11-09-2023,Myntra
Checked Shirt with Patch Pocket,959,29.43%,12-09-2023,Myntra
Checked Shirt with Patch Pocket,879,35.32%,12-09-2023,Myntra
Checked Shirt with Patch Pocket,879,35.32%,13-09-2023,Myntra
Checked Shirt with Patch Pocket,879,35.32%,13-09-2023,Myntra
Checked Shirt with Patch Pocket,879,35.32%,14-09-2023,Myntra
Checked Shirt with Patch Pocket,879,35.32%,15-09-2023,Myntra
Checked Shirt with Patch Pocket,879,35.32%,16-09-2023,Myntra
Checked Shirt with Patch Pocket,879,35.32%,16-09-2023,Myntra
Checked Shirt with Patch Pocket,879,35.32%,17-09-2023,Myntra
Checked Shirt with Patch Pocket,879,35.32%,18-09-2023,Myntra
Checked Shirt with Patch Pocket,879,35.32%,19-09-2023,Myntra
Checked Shirt with Patch Pocket,879,35.32%,20-09-2023,Myntra
Checked Shirt with Patch Pocket,959,29.43%,21-09-2023,Myntra
Checked Shirt with Patch Pocket,831,38.85%,22-09-2023,Myntra
Checked Shirt with Patch Pocket,831,38.85%,22-09-2023,Myntra
Checked Shirt with Patch Pocket,831,38.85%,23-09-2023,Myntra
Checked Shirt with Patch Pocket,831,38.85%,24-09-2023,Myntra
Checked Shirt with Patch Pocket,959,29.43%,26-09-2023,Myntra
Checked Shirt with Patch Pocket,959,29.43%,26-09-2023,Myntra
Checked Shirt with Patch Pocket,959,29.43%,27-09-2023,Myntra
Checked Shirt with Patch Pocket,959,29.43%,28-09-2023,Myntra
Checked Shirt with Patch Pocket,959,29.43%,29-09-2023,Myntra
Checked Shirt with Patch Pocket,959,29.43%,30-09-2023,Myntra
Checked Shirt with Patch Pocket,959,29.43%,01-10-2023,Myntra
Checked Shirt with Patch Pocket,959,29.43%,02-10-2023,Myntra
Checked Shirt with Patch Pocket,959,29.43%,03-10-2023,Myntra
Checked Shirt with Patch Pocket,959,29.43%,04-10-2023,Myntra
Checked Shirt with Patch Pocket,959,29.43%,05-10-2023,Myntra
Checked Shirt with Patch Pocket,863,36.50%,07-10-2023,Myntra
Checked Shirt with Patch Pocket,863,36.50%,07-10-2023,Myntra
Checked Shirt with Patch Pocket,959,29.43%,09-10-2023,Myntra
Checked Shirt with Patch Pocket,959,29.43%,09-10-2023,Myntra
Checked Shirt with Patch Pocket,959,29.43%,10-10-2023,Myntra
Checked Shirt with Patch Pocket,959,29.43%,11-10-2023,Myntra
Checked Shirt with Patch Pocket,959,29.43%,12-10-2023,Myntra
Checked Shirt with Patch Pocket,959,29.43%,13-10-2023,Myntra
Checked Shirt with Patch Pocket,959,29.43%,14-10-2023,Myntra
Checked Shirt with Patch Pocket,959,29.43%,14-10-2023,Myntra
Checked Shirt with Patch Pocket,959,29.43%,14-10-2023,Myntra
Checked Shirt with Patch Pocket,959,29.43%,14-10-2023,Myntra
Checked Shirt with Patch Pocket,959,29.43%,14-10-2023,Myntra
Checked Shirt with Patch Pocket,959,29.43%,14-10-2023,Myntra
Checked Shirt with Patch Pocket,959,29.43%,14-10-2023,Myntra
Checked Shirt with Patch Pocket,959,29.43%,14-10-2023,Myntra
Checked Shirt with Patch Pocket,959,29.43%,14-10-2023,Myntra
Checked Shirt with Patch Pocket,959,29.43%,14-10-2023,Myntra
Checked Shirt with Patch Pocket,959,29.43%,14-10-2023,Myntra
Checked Shirt with Patch Pocket,959,29.43%,14-10-2023,Myntra
Checked Shirt with Patch Pocket,959,29.43%,14-10-2023,Myntra
Checked Shirt with Patch Pocket,959,29.43%,15-10-2023,Myntra
Checked Shirt with Patch Pocket,959,29.43%,15-10-2023,Myntra
Checked Shirt with Patch Pocket,959,29.43%,15-10-2023,Myntra
Checked Shirt with Patch Pocket,959,29.43%,15-10-2023,Myntra
Checked Shirt with Patch Pocket,959,29.43%,15-10-2023,Myntra
Checked Shirt with Patch Pocket,959,29.43%,15-10-2023,Myntra
Checked Shirt with Patch Pocket,959,29.43%,15-10-2023,Myntra
Checked Shirt with Patch Pocket,959,29.43%,15-10-2023,Myntra
Checked Shirt with Patch Pocket,959,29.43%,15-10-2023,Myntra
Checked Shirt with Patch Pocket,959,29.43%,15-10-2023,Myntra
Checked Shirt with Patch Pocket,959,29.43%,15-10-2023,Myntra
Checked Shirt with Patch Pocket,959,29.43%,15-10-2023,Myntra
Checked Shirt with Patch Pocket,959,29.43%,15-10-2023,Myntra
Checked Shirt with Patch Pocket,959,29.43%,15-10-2023,Myntra
Checked Shirt with Patch Pocket,959,29.43%,15-10-2023,Myntra
Checked Shirt with Patch Pocket,959,29.43%,15-10-2023,Myntra
Checked Shirt with Patch Pocket,959,29.43%,15-10-2023,Myntra
Checked Shirt with Patch Pocket,959,29.43%,15-10-2023,Myntra
Checked Shirt with Patch Pocket,959,29.43%,16-10-2023,Myntra
Checked Shirt with Patch Pocket,959,29.43%,16-10-2023,Myntra
Checked Shirt with Patch Pocket,959,29.43%,16-10-2023,Myntra
Checked Shirt with Patch Pocket,959,29.43%,16-10-2023,Myntra
Checked Shirt with Patch Pocket,959,29.43%,16-10-2023,Myntra
Checked Shirt with Patch Pocket,959,29.43%,16-10-2023,Myntra
Checked Shirt with Patch Pocket,959,29.43%,16-10-2023,Myntra
Checked Shirt with Patch Pocket,959,29.43%,16-10-2023,Myntra
Checked Shirt with Patch Pocket,959,29.43%,16-10-2023,Myntra
Checked Shirt with Patch Pocket,959,29.43%,16-10-2023,Myntra
Checked Shirt with Patch Pocket,959,29.43%,16-10-2023,Myntra
Checked Shirt with Patch Pocket,959,29.43%,16-10-2023,Myntra
Checked Shirt with Patch Pocket,959,29.43%,16-10-2023,Myntra
Checked Shirt with Patch Pocket,959,29.43%,16-10-2023,Myntra
Checked Shirt with Patch Pocket,879,35.32%,18-10-2023,Myntra
Checked Shirt with Patch Pocket,863,36.50%,27-10-2023,Myntra
Checked Shirt with Patch Pocket,863,36.50%,28-10-2023,Myntra
Checked Shirt with Patch Pocket,863,36.50%,29-10-2023,Myntra
Checked Shirt with Patch Pocket,863,36.50%,30-10-2023,Myntra
Checked Shirt with Patch Pocket,879,35.32%,31-10-2023,Myntra
Checked Shirt with Patch Pocket,863,36.50%,01-11-2023,Myntra
Checked Shirt with Patch Pocket,879,35.32%,02-11-2023,Myntra
Checked Shirt with Patch Pocket,863,36.50%,02-11-2023,Myntra
Checked Shirt with Patch Pocket,895,34.14%,04-11-2023,Myntra
Checked Shirt with Patch Pocket,895,34.14%,05-11-2023,Myntra
Checked Shirt with Patch Pocket,911,32.97%,06-11-2023,Myntra
Checked Shirt with Patch Pocket,895,34.14%,07-11-2023,Myntra
Checked Shirt with Patch Pocket,911,32.97%,08-11-2023,Myntra
Checked Shirt with Patch Pocket,959,29.43%,09-11-2023,Myntra
Checked Shirt with Patch Pocket,959,29.43%,10-11-2023,Myntra
Checked Shirt with Patch Pocket,959,29.43%,11-11-2023,Myntra
Checked Shirt with Patch Pocket,959,29.43%,12-11-2023,Myntra
Checked Shirt with Patch Pocket,959,29.43%,13-11-2023,Myntra
Checked Shirt with Patch Pocket,959,29.43%,14-11-2023,Myntra
Checked Shirt with Patch Pocket,959,29.43%,15-11-2023,Myntra
Checked Shirt with Patch Pocket,879,35.32%,18-11-2023,Myntra
Checked Shirt with Patch Pocket,895,34.14%,18-11-2023,Myntra
Checked Shirt with Patch Pocket,895,34.14%,19-11-2023,Myntra
Checked Shirt with Patch Pocket,879,35.32%,20-11-2023,Myntra
Checked Shirt with Patch Pocket,959,29.43%,21-11-2023,Myntra
Checked Shirt with Patch Pocket,959,29.43%,22-11-2023,Myntra
Checked Shirt with Patch Pocket,959,29.43%,23-11-2023,Myntra
Checked Shirt with Patch Pocket,959,29.43%,23-11-2023,Myntra
Checked Shirt with Patch Pocket,959,29.43%,24-11-2023,Myntra
Checked Shirt with Patch Pocket,959,29.43%,25-11-2023,Myntra
Checked Shirt with Patch Pocket,959,29.43%,26-11-2023,Myntra
Checked Shirt with Patch Pocket,959,29.43%,27-11-2023,Myntra
Checked Shirt with Patch Pocket,959,29.43%,28-11-2023,Myntra
Checked Shirt with Patch Pocket,959,29.43%,29-11-2023,Myntra
Checked Shirt with Patch Pocket,959,29.43%,30-11-2023,Myntra
Checked Shirt with Patch Pocket,959,29.43%,01-12-2023,Myntra
Checked Shirt with Patch Pocket,959,29.43%,02-12-2023,Myntra
Checked Shirt with Patch Pocket,879,35.32%,03-12-2023,Myntra
Checked Shirt with Patch Pocket,768,43.49%,04-12-2023,Myntra
Checked Shirt with Patch Pocket,720,47.02%,05-12-2023,Myntra
Checked Shirt with Patch Pocket,752,44.67%,05-12-2023,Myntra
Checked Shirt with Patch Pocket,800,41.13%,07-12-2023,Myntra
Checked Shirt with Patch Pocket,800,41.13%,07-12-2023,Myntra
Checked Shirt with Patch Pocket,800,41.13%,08-12-2023,Myntra
Checked Shirt with Patch Pocket,800,41.13%,09-12-2023,Myntra
Checked Shirt with Patch Pocket,800,41.13%,10-12-2023,Myntra
Checked Shirt with Patch Pocket,800,41.13%,11-12-2023,Myntra
Checked Shirt with Patch Pocket,800,41.13%,12-12-2023,Myntra
Checked Shirt with Patch Pocket,688,49.37%,13-12-2023,Myntra
Checked Shirt with Patch Pocket,800,41.13%,14-12-2023,Myntra
Checked Shirt with Patch Pocket,800,41.13%,15-12-2023,Myntra
Checked Shirt with Patch Pocket,800,41.13%,16-12-2023,Myntra
Checked Shirt with Patch Pocket,959,29.43%,17-12-2023,Myntra
Checked Shirt with Patch Pocket,879,35.32%,18-12-2023,Myntra
Checked Shirt with Patch Pocket,879,35.32%,19-12-2023,Myntra
Checked Shirt with Patch Pocket,879,35.32%,20-12-2023,Myntra
Checked Shirt with Patch Pocket,800,41.13%,21-12-2023,Myntra
Checked Shirt with Patch Pocket,800,41.13%,22-12-2023,Myntra
Checked Shirt with Patch Pocket,800,41.13%,23-12-2023,Myntra
Checked Shirt with Patch Pocket,800,41.13%,24-12-2023,Myntra
Checked Shirt with Patch Pocket,800,41.13%,25-12-2023,Myntra
Checked Shirt with Patch Pocket,800,41.13%,26-12-2023,Myntra
Checked Shirt with Patch Pocket,800,41.13%,27-12-2023,Myntra
Checked Shirt with Patch Pocket,800,41.13%,28-12-2023,Myntra
Checked Shirt with Patch Pocket,720,47.02%,29-12-2023,Myntra
Checked Shirt with Patch Pocket,720,47.02%,30-12-2023,Myntra
Checked Shirt with Patch Pocket,720,47.02%,31-12-2023,Myntra
Checked Shirt with Patch Pocket,720,47.02%,31-12-2023,Myntra
Checked Shirt with Patch Pocket,720,47.02%,01-01-2024,Myntra
Checked Shirt with Patch Pocket,720,47.02%,02-01-2024,Myntra
Checked Shirt with Patch Pocket,720,47.02%,03-01-2024,Myntra
Checked Shirt with Patch Pocket,720,47.02%,04-01-2024,Myntra
Checked Shirt with Patch Pocket,624,54.08%,05-01-2024,Myntra
Checked Shirt with Patch Pocket,640,52.91%,06-01-2024,Myntra
Checked Shirt with Patch Pocket,624,54.08%,06-01-2024,Myntra
Checked Shirt with Patch Pocket,624,54.08%,07-01-2024,Myntra
Checked Shirt with Patch Pocket,624,54.08%,08-01-2024,Myntra
Checked Shirt with Patch Pocket,720,47.02%,09-01-2024,Myntra
Checked Shirt with Patch Pocket,624,54.08%,09-01-2024,Myntra
Checked Shirt with Patch Pocket,624,54.08%,10-01-2024,Myntra
Checked Shirt with Patch Pocket,624,54.08%,11-01-2024,Myntra
Checked Shirt with Patch Pocket,640,52.91%,12-01-2024,Myntra
Checked Shirt with Patch Pocket,624,54.08%,12-01-2024,Myntra
Checked Shirt with Patch Pocket,624,54.08%,13-01-2024,Myntra
Checked Shirt with Patch Pocket,640,52.91%,14-01-2024,Myntra
Checked Shirt with Patch Pocket,624,54.08%,15-01-2024,Myntra
Checked Shirt with Patch Pocket,624,54.08%,16-01-2024,Myntra
Checked Shirt with Patch Pocket,624,54.08%,17-01-2024,Myntra
Checked Shirt with Patch Pocket,624,54.08%,18-01-2024,Myntra
Checked Shirt with Patch Pocket,800,41.13%,19-01-2024,Myntra
Checked Shirt with Patch Pocket,800,41.13%,20-01-2024,Myntra
Checked Shirt with Patch Pocket,720,47.02%,22-01-2024,Myntra
Checked Shirt with Patch Pocket,720,47.02%,22-01-2024,Myntra
Checked Shirt with Patch Pocket,624,54.08%,23-01-2024,Myntra
Checked Shirt with Patch Pocket,624,54.08%,23-01-2024,Myntra
Checked Shirt with Patch Pocket,624,54.08%,24-01-2024,Myntra
Checked Shirt with Patch Pocket,624,54.08%,25-01-2024,Myntra
Checked Shirt with Patch Pocket,640,52.91%,26-01-2024,Myntra
Checked Shirt with Patch Pocket,624,54.08%,26-01-2024,Myntra
Checked Shirt with Patch Pocket,800,41.13%,27-01-2024,Myntra
Checked Shirt with Patch Pocket,800,41.13%,28-01-2024,Myntra
Checked Shirt with Patch Pocket,688,49.37%,29-01-2024,Myntra
Checked Shirt with Patch Pocket,800,41.13%,02-02-2024,Myntra
Checked Shirt with Patch Pocket,688,49.37%,06-02-2024,Myntra
Checked Shirt with Patch Pocket,800,41.13%,10-02-2024,Myntra
Checked Shirt with Patch Pocket,688,49.37%,16-02-2024,Myntra
Checked Shirt with Patch Pocket,800,41.13%,23-02-2024,Myntra
Checked Shirt with Patch Pocket,831,38.85%,26-02-2024,Myntra
Checked Shirt with Patch Pocket,831,38.85%,27-02-2024,Myntra
Checked Shirt with Patch Pocket,800,41.13%,29-02-2024,Myntra
Checked Shirt with Patch Pocket,656,51.73%,01-03-2024,Myntra
Checked Shirt with Patch Pocket,688,49.37%,01-03-2024,Myntra
Checked Shirt with Patch Pocket,736,45.84%,02-03-2024,Myntra
Checked Shirt with Patch Pocket,688,49.37%,05-03-2024,Myntra
Checked Shirt with Patch Pocket,800,41.13%,09-03-2024,Myntra
Checked Shirt with Patch Pocket,688,49.37%,16-03-2024,Myntra
Checked Shirt with Patch Pocket,800,41.13%,18-03-2024,Myntra
Checked Shirt with Patch Pocket,688,49.37%,21-03-2024,Myntra
Checked Shirt with Patch Pocket,800,41.13%,30-03-2024,Myntra
Checked Shirt with Patch Pocket,1119,17.66%,01-04-2024,Myntra
Checked Shirt with Patch Pocket,720,47.02%,01-04-2024,Myntra
Checked Shirt with Patch Pocket,720,47.02%,02-04-2024,Myntra
Checked Shirt with Patch Pocket,720,47.02%,03-04-2024,Myntra
Checked Shirt with Patch Pocket,720,47.02%,04-04-2024,Myntra
Checked Shirt with Patch Pocket,640,52.91%,05-04-2024,Myntra
Checked Shirt with Patch Pocket,624,54.08%,06-04-2024,Myntra
Checked Shirt with Patch Pocket,624,54.08%,06-04-2024,Myntra
Checked Shirt with Patch Pocket,624,54.08%,07-04-2024,Myntra
Checked Shirt with Patch Pocket,624,54.08%,08-04-2024,Myntra
Checked Shirt with Patch Pocket,720,47.02%,10-04-2024,Myntra
Checked Shirt with Patch Pocket,624,54.08%,11-04-2024,Myntra
Checked Shirt with Patch Pocket,624,54.08%,11-04-2024,Myntra
Checked Shirt with Patch Pocket,640,52.91%,12-04-2024,Myntra
Checked Shirt with Patch Pocket,640,52.91%,13-04-2024,Myntra
Checked Shirt with Patch Pocket,624,54.08%,14-04-2024,Myntra
Checked Shirt with Patch Pocket,720,47.02%,15-04-2024,Myntra
Checked Shirt with Patch Pocket,624,54.08%,16-04-2024,Myntra
Checked Shirt with Patch Pocket,624,54.08%,16-04-2024,Myntra
Checked Shirt with Patch Pocket,624,54.08%,17-04-2024,Myntra
Checked Shirt with Patch Pocket,624,54.08%,18-04-2024,Myntra
Checked Shirt with Patch Pocket,720,47.02%,21-04-2024,Myntra
Checked Shirt with Patch Pocket,720,47.02%,21-04-2024,Myntra
Checked Shirt with Patch Pocket,720,47.02%,22-04-2024,Myntra
Checked Shirt with Patch Pocket,624,54.08%,23-04-2024,Myntra
Checked Shirt with Patch Pocket,640,52.91%,24-04-2024,Myntra
Checked Shirt with Patch Pocket,640,52.91%,25-04-2024,Myntra
Checked Shirt with Patch Pocket,624,54.08%,26-04-2024,Myntra
Checked Shirt with Patch Pocket,624,54.08%,26-04-2024,Myntra
Checked Shirt with Patch Pocket,640,52.91%,27-04-2024,Myntra
Checked Shirt with Patch Pocket,640,52.91%,28-04-2024,Myntra
Checked Shirt with Patch Pocket,624,54.08%,29-04-2024,Myntra
Checked Shirt with Patch Pocket,720,47.02%,01-05-2024,Myntra
Checked Shirt with Patch Pocket,720,47.02%,01-05-2024,Myntra
Checked Shirt with Patch Pocket,720,47.02%,02-05-2024,Myntra
Checked Shirt with Patch Pocket,720,47.02%,03-05-2024,Myntra
Checked Shirt with Patch Pocket,720,47.02%,04-05-2024,Myntra
Checked Shirt with Patch Pocket,720,47.02%,05-05-2024,Myntra
Checked Shirt with Patch Pocket,720,47.02%,06-05-2024,Myntra
Checked Shirt with Patch Pocket,720,47.02%,07-05-2024,Myntra
Checked Shirt with Patch Pocket,720,47.02%,08-05-2024,Myntra
Checked Shirt with Patch Pocket,720,47.02%,09-05-2024,Myntra
Checked Shirt with Patch Pocket,720,47.02%,10-05-2024,Myntra
Checked Shirt with Patch Pocket,720,47.02%,11-05-2024,Myntra
Checked Shirt with Patch Pocket,720,47.02%,12-05-2024,Myntra
Checked Shirt with Patch Pocket,1599,-17.66%,15-05-2024,Myntra
Checked Shirt with Patch Pocket,720,47.02%,15-05-2024,Myntra
Checked Shirt with Patch Pocket,624,54.08%,17-05-2024,Myntra
Checked Shirt with Patch Pocket,640,52.91%,18-05-2024,Myntra
Checked Shirt with Patch Pocket,624,54.08%,19-05-2024,Myntra
Checked Shirt with Patch Pocket,720,47.02%,22-05-2024,Myntra
Checked Shirt with Patch Pocket,624,54.08%,24-05-2024,Myntra
Checked Shirt with Patch Pocket,640,52.91%,25-05-2024,Myntra
Checked Shirt with Patch Pocket,624,54.08%,25-05-2024,Myntra
Checked Shirt with Patch Pocket,720,47.02%,27-05-2024,Myntra
Checked Shirt with Patch Pocket,720,47.02%,28-05-2024,Myntra
Checked Shirt with Patch Pocket,799,41.21%,29-05-2024,Myntra
Checked Shirt with Patch Pocket,720,47.02%,29-05-2024,Myntra
Checked Shirt with Patch Pocket,799,41.21%,29-05-2024,Myntra
Checked Shirt with Patch Pocket,720,47.02%,29-05-2024,Myntra
Checked Shirt with Patch Pocket,624,54.08%,30-05-2024,Myntra
Checked Shirt with Patch Pocket,624,54.08%,31-05-2024,Myntra
Checked Shirt with Patch Pocket,720,47.02%,03-06-2024,Myntra
Checked Shirt with Patch Pocket,720,47.02%,03-06-2024,Myntra
Checked Shirt with Patch Pocket,720,47.02%,04-06-2024,Myntra
Checked Shirt with Patch Pocket,720,47.02%,05-06-2024,Myntra
Checked Shirt with Patch Pocket,720,47.02%,06-06-2024,Myntra
Checked Shirt with Patch Pocket,720,47.02%,07-06-2024,Myntra
Checked Shirt with Patch Pocket,720,47.02%,08-06-2024,Myntra
Checked Shirt with Patch Pocket,720,47.02%,09-06-2024,Myntra
Checked Shirt with Patch Pocket,624,54.08%,10-06-2024,Myntra
Checked Shirt with Patch Pocket,720,47.02%,15-06-2024,Myntra
Checked Shirt with Patch Pocket,720,47.02%,16-06-2024,Myntra
Checked Shirt with Patch Pocket,720,47.02%,18-06-2024,Myntra
Checked Shirt with Patch Pocket,720,47.02%,18-06-2024,Myntra
Checked Shirt with Patch Pocket,672,50.55%,20-06-2024,Myntra
Checked Shirt with Patch Pocket,720,47.02%,21-06-2024,Myntra
Checked Shirt with Patch Pocket,624,54.08%,21-06-2024,Myntra
Checked Shirt with Patch Pocket,624,54.08%,22-06-2024,Myntra
Checked Shirt with Patch Pocket,624,54.08%,23-06-2024,Myntra
Checked Shirt with Patch Pocket,624,54.08%,24-06-2024,Myntra
Checked Shirt with Patch Pocket,624,54.08%,25-06-2024,Myntra
Checked Shirt with Patch Pocket,624,54.08%,26-06-2024,Myntra
Checked Shirt with Patch Pocket,624,54.08%,27-06-2024,Myntra
Checked Shirt with Patch Pocket,624,54.08%,28-06-2024,Myntra
Checked Shirt with Patch Pocket,624,54.08%,29-06-2024,Myntra
Checked Shirt with Patch Pocket,624,54.08%,30-06-2024,Myntra
Checked Shirt with Patch Pocket,720,47.02%,01-07-2024,Myntra
Checked Shirt with Patch Pocket,720,47.02%,01-07-2024,Myntra
Checked Shirt with Patch Pocket,720,47.02%,02-07-2024,Myntra
Checked Shirt with Patch Pocket,720,47.02%,03-07-2024,Myntra
Checked Shirt with Patch Pocket,720,47.02%,04-07-2024,Myntra
Checked Shirt with Patch Pocket,720,47.02%,05-07-2024,Myntra
Checked Shirt with Patch Pocket,720,47.02%,06-07-2024,Myntra
Checked Shirt with Patch Pocket,720,47.02%,07-07-2024,Myntra
Checked Shirt with Patch Pocket,720,47.02%,08-07-2024,Myntra
Checked Shirt with Patch Pocket,720,47.02%,09-07-2024,Myntra
Checked Shirt with Patch Pocket,720,47.02%,10-07-2024,Myntra
Checked Shirt with Patch Pocket,720,47.02%,11-07-2024,Myntra
Checked Shirt with Patch Pocket,720,47.02%,12-07-2024,Myntra
Checked Shirt with Patch Pocket,720,47.02%,13-07-2024,Myntra
Checked Shirt with Patch Pocket,720,47.02%,14-07-2024,Myntra
Checked Shirt with Patch Pocket,624,54.08%,15-07-2024,Myntra
Checked Shirt with Patch Pocket,624,54.08%,15-07-2024,Myntra
Checked Shirt with Patch Pocket,656,51.73%,19-07-2024,Myntra
Checked Shirt with Patch Pocket,624,54.08%,23-07-2024,Myntra
Checked Shirt with Patch Pocket,720,47.02%,29-07-2024,Myntra
Checked Shirt with Patch Pocket,624,54.08%,31-07-2024,Myntra
Checked Shirt with Patch Pocket,720,47.02%,01-08-2024,Myntra
Checked Shirt with Patch Pocket,624,54.08%,02-08-2024,Myntra
Checked Shirt with Patch Pocket,720,47.02%,08-08-2024,Myntra
Checked Shirt with Patch Pocket,720,47.02%,08-08-2024,Myntra
Checked Shirt with Patch Pocket,720,47.02%,09-08-2024,Myntra
Checked Shirt with Patch Pocket,720,47.02%,10-08-2024,Myntra
Checked Shirt with Patch Pocket,720,47.02%,11-08-2024,Myntra
Checked Shirt with Patch Pocket,720,47.02%,12-08-2024,Myntra
Checked Shirt with Patch Pocket,720,47.02%,13-08-2024,Myntra
Checked Shirt with Patch Pocket,624,54.08%,15-08-2024,Myntra
Checked Shirt with Patch Pocket,720,47.02%,07-09-2024,Myntra
Checked Shirt with Patch Pocket,624,54.08%,10-09-2024,Myntra
Checked Shirt with Patch Pocket,720,47.02%,17-09-2024,Myntra
Checked Shirt with Patch Pocket,624,54.08%,18-09-2024,Myntra
Checked Shirt with Patch Pocket,640,52.91%,27-09-2024,Myntra
Checked Shirt with Patch Pocket,624,54.08%,27-09-2024,Myntra
Checked Shirt with Patch Pocket,720,47.02%,04-10-2024,Myntra
Checked Shirt with Patch Pocket,720,47.02%,05-10-2024,Myntra
Checked Shirt with Patch Pocket,720,47.02%,06-10-2024,Myntra
Checked Shirt with Patch Pocket,720,47.02%,07-10-2024,Myntra
Checked Shirt with Patch Pocket,720,47.02%,08-10-2024,Myntra
Checked Shirt with Patch Pocket,720,47.02%,09-10-2024,Myntra
Checked Shirt with Patch Pocket,624,54.08%,10-10-2024,Myntra
Checked Shirt with Patch Pocket,624,54.08%,11-10-2024,Myntra
Checked Shirt with Patch Pocket,624,54.08%,12-10-2024,Myntra
Checked Shirt with Patch Pocket,624,54.08%,12-10-2024,Myntra
Checked Shirt with Patch Pocket,720,47.02%,15-10-2024,Myntra
Checked Shirt with Patch Pocket,624,54.08%,17-10-2024,Myntra
Checked Shirt with Patch Pocket,624,54.08%,18-10-2024,Myntra
Checked Shirt with Patch Pocket,624,54.08%,19-10-2024,Myntra
Checked Shirt with Patch Pocket,624,54.08%,20-10-2024,Myntra
Checked Shirt with Patch Pocket,624,54.08%,21-10-2024,Myntra
Checked Shirt with Patch Pocket,624,54.08%,22-10-2024,Myntra
Checked Shirt with Patch Pocket,624,54.08%,23-10-2024,Myntra
Checked Shirt with Patch Pocket,720,47.02%,26-10-2024,Myntra
Checked Shirt with Patch Pocket,656,51.73%,27-10-2024,Myntra
Checked Shirt with Patch Pocket,720,47.02%,28-10-2024,Myntra
Checked Shirt with Patch Pocket,720,47.02%,29-10-2024,Myntra
Checked Shirt with Patch Pocket,720,47.02%,30-10-2024,Myntra
Checked Shirt with Patch Pocket,720,47.02%,31-10-2024,Myntra
Checked Shirt with Patch Pocket,720,47.02%,01-11-2024,Myntra
Checked Shirt with Patch Pocket,720,47.02%,02-11-2024,Myntra
Checked Shirt with Patch Pocket,720,47.02%,03-11-2024,Myntra
Checked Shirt with Patch Pocket,624,54.08%,17-11-2024,Myntra
Checked Shirt with Patch Pocket,704,48.20%,13-12-2024,Myntra
Checked Shirt with Patch Pocket,624,54.08%,20-12-2024,Myntra
Checked Shirt with Patch Pocket,720,47.02%,13-01-2025,Myntra
Checked Shirt with Patch Pocket,624,54.08%,30-01-2025,Myntra
Checked Shirt with Patch Pocket,624,54.08%,30-01-2025,Myntra
Checked Shirt with Patch Pocket,720,47.02%,31-01-2025,Myntra
Checked Shirt with Patch Pocket,720,47.02%,01-02-2025,Myntra
Checked Shirt with Patch Pocket,720,47.02%,02-02-2025,Myntra
Checked Shirt with Patch Pocket,640,52.91%,03-02-2025,Myntra
Checked Shirt with Patch Pocket,640,52.91%,04-02-2025,Myntra
Checked Shirt with Patch Pocket,640,52.91%,05-02-2025,Myntra
Checked Shirt with Patch Pocket,640,52.91%,06-02-2025,Myntra
Checked Shirt with Patch Pocket,592,56.44%,07-02-2025,Myntra
Checked Shirt with Patch Pocket,592,56.44%,08-02-2025,Myntra
Checked Shirt with Patch Pocket,592,56.44%,08-02-2025,Myntra
Checked Shirt with Patch Pocket,592,56.44%,09-02-2025,Myntra
Checked Shirt with Patch Pocket,592,56.44%,10-02-2025,Myntra
Checked Shirt with Patch Pocket,640,52.91%,11-02-2025,Myntra
Checked Shirt with Patch Pocket,640,52.91%,12-02-2025,Myntra
Checked Shirt with Patch Pocket,640,52.91%,13-02-2025,Myntra
Checked Shirt with Patch Pocket,624,54.08%,14-02-2025,Myntra
Checked Shirt with Patch Pocket,624,54.08%,15-02-2025,Myntra
Checked Shirt with Patch Pocket,624,54.08%,16-02-2025,Myntra
Checked Shirt with Patch Pocket,624,54.08%,17-02-2025,Myntra
Checked Shirt with Patch Pocket,624,54.08%,17-02-2025,Myntra
Checked Shirt with Patch Pocket,672,50.55%,02-03-2025,Myntra
Checked Shirt with Patch Pocket,672,50.55%,02-03-2025,Myntra
Checked Shirt with Patch Pocket,576,57.62%,03-03-2025,Myntra
Checked Shirt with Patch Pocket,576,57.62%,04-03-2025,Myntra
Checked Shirt with Patch Pocket,576,57.62%,05-03-2025,Myntra
Checked Shirt with Patch Pocket,672,50.55%,05-03-2025,Myntra
Checked Shirt with Patch Pocket,672,50.55%,06-03-2025,Myntra
Checked Shirt with Patch Pocket,592,56.44%,07-03-2025,Myntra
Checked Shirt with Patch Pocket,592,56.44%,08-03-2025,Myntra
Checked Shirt with Patch Pocket,592,56.44%,09-03-2025,Myntra
Checked Shirt with Patch Pocket,592,56.44%,10-03-2025,Myntra
Checked Shirt with Patch Pocket,592,56.44%,11-03-2025,Myntra
Checked Shirt with Patch Pocket,592,56.44%,12-03-2025,Myntra
Checked Shirt with Patch Pocket,592,56.44%,13-03-2025,Myntra
Checked Shirt with Patch Pocket,592,56.44%,14-03-2025,Myntra
Checked Shirt with Patch Pocket,592,56.44%,15-03-2025,Myntra
Checked Shirt with Patch Pocket,592,56.44%,16-03-2025,Myntra
Checked Shirt with Patch Pocket,592,56.44%,16-03-2025,Myntra
VIP Blue Solid Large 360 Degree Rotatable Trolley Suitcase,9899,0.00%,11-03-2022,Ajio
VIP Blue Solid Large 360 Degree Rotatable Trolley Suitcase,9899,0.00%,15-03-2022,Ajio
VIP Blue Solid Large 360 Degree Rotatable Trolley Suitcase,9899,0.00%,17-03-2022,Ajio
VIP Blue Solid Large 360 Degree Rotatable Trolley Suitcase,9899,0.00%,19-03-2022,Ajio
VIP Blue Solid Large 360 Degree Rotatable Trolley Suitcase,9899,0.00%,21-03-2022,Ajio
VIP Blue Solid Large 360 Degree Rotatable Trolley Suitcase,9899,0.00%,25-03-2022,Ajio
VIP Blue Solid Large 360 Degree Rotatable Trolley Suitcase,9899,0.00%,02-04-2022,Ajio
VIP Blue Solid Large 360 Degree Rotatable Trolley Suitcase,9899,0.00%,10-04-2022,Ajio
VIP Blue Solid Large 360 Degree Rotatable Trolley Suitcase,9899,0.00%,21-04-2022,Ajio
VIP Blue Solid Large 360 Degree Rotatable Trolley Suitcase,9899,0.00%,24-04-2022,Ajio
VIP Blue Solid Large 360 Degree Rotatable Trolley Suitcase,9899,0.00%,01-05-2022,Ajio
VIP Blue Solid Large 360 Degree Rotatable Trolley Suitcase,10390,-4.96%,11-06-2022,Ajio
VIP Blue Solid Large 360 Degree Rotatable Trolley Suitcase,10390,-4.96%,12-06-2022,Ajio
VIP Blue Solid Large 360 Degree Rotatable Trolley Suitcase,10390,-4.96%,12-06-2022,Ajio
VIP Blue Solid Large 360 Degree Rotatable Trolley Suitcase,10390,-4.96%,13-06-2022,Ajio
VIP Blue Solid Large 360 Degree Rotatable Trolley Suitcase,10390,-4.96%,14-06-2022,Ajio
VIP Blue Solid Large 360 Degree Rotatable Trolley Suitcase,10390,-4.96%,15-06-2022,Ajio
VIP Blue Solid Large 360 Degree Rotatable Trolley Suitcase,10390,-4.96%,13-08-2022,Ajio
VIP Blue Solid Large 360 Degree Rotatable Trolley Suitcase,10390,-4.96%,15-08-2022,Ajio
VIP Blue Solid Large 360 Degree Rotatable Trolley Suitcase,10390,-4.96%,24-08-2022,Ajio
VIP Blue Solid Large 360 Degree Rotatable Trolley Suitcase,10390,-4.96%,29-08-2022,Ajio
VIP Blue Solid Large 360 Degree Rotatable Trolley Suitcase,9899,0.00%,03-09-2022,Ajio
VIP Blue Solid Large 360 Degree Rotatable Trolley Suitcase,9899,0.00%,03-09-2022,Ajio
VIP Blue Solid Large 360 Degree Rotatable Trolley Suitcase,10390,-4.96%,05-09-2022,Ajio
VIP Blue Solid Large 360 Degree Rotatable Trolley Suitcase,9899,0.00%,07-09-2022,Ajio
VIP Blue Solid Large 360 Degree Rotatable Trolley Suitcase,10390,-4.96%,12-09-2022,Ajio
VIP Blue Solid Large 360 Degree Rotatable Trolley Suitcase,10390,-4.96%,12-09-2022,Ajio
VIP Blue Solid Large 360 Degree Rotatable Trolley Suitcase,9899,0.00%,07-11-2022,Ajio
VIP Blue Solid Large 360 Degree Rotatable Trolley Suitcase,10390,-4.96%,30-12-2022,Ajio
VIP Blue Solid Large 360 Degree Rotatable Trolley Suitcase,2331,76.45%,07-05-2024,Ajio
Boat Airdopes 138 Pro True Wireless Earbuds with Up to 45 Hours Playback (Black),9899,0.00%,11-03-2022,Ajio
Boat Airdopes 138 Pro True Wireless Earbuds with Up to 45 Hours Playback (Black),9899,0.00%,15-03-2022,Ajio
Boat Airdopes 138 Pro True Wireless Earbuds with Up to 45 Hours Playback (Black),9899,0.00%,17-03-2022,Ajio
Boat Airdopes 138 Pro True Wireless Earbuds with Up to 45 Hours Playback (Black),9899,0.00%,19-03-2022,Ajio
Boat Airdopes 138 Pro True Wireless Earbuds with Up to 45 Hours Playback (Black),9899,0.00%,21-03-2022,Ajio
Boat Airdopes 138 Pro True Wireless Earbuds with Up to 45 Hours Playback (Black),9899,0.00%,25-03-2022,Ajio
Boat Airdopes 138 Pro True Wireless Earbuds with Up to 45 Hours Playback (Black),9899,0.00%,02-04-2022,Ajio
Boat Airdopes 138 Pro True Wireless Earbuds with Up to 45 Hours Playback (Black),9899,0.00%,10-04-2022,Ajio
Boat Airdopes 138 Pro True Wireless Earbuds with Up to 45 Hours Playback (Black),9899,0.00%,21-04-2022,Ajio
Boat Airdopes 138 Pro True Wireless Earbuds with Up to 45 Hours Playback (Black),9899,0.00%,24-04-2022,Ajio
Boat Airdopes 138 Pro True Wireless Earbuds with Up to 45 Hours Playback (Black),9899,0.00%,01-05-2022,Ajio
Boat Airdopes 138 Pro True Wireless Earbuds with Up to 45 Hours Playback (Black),10390,-4.96%,11-06-2022,Ajio
Boat Airdopes 138 Pro True Wireless Earbuds with Up to 45 Hours Playback (Black),10390,-4.96%,12-06-2022,Ajio
Boat Airdopes 138 Pro True Wireless Earbuds with Up to 45 Hours Playback (Black),10390,-4.96%,12-06-2022,Ajio
Boat Airdopes 138 Pro True Wireless Earbuds with Up to 45 Hours Playback (Black),10390,-4.96%,13-06-2022,Ajio
Boat Airdopes 138 Pro True Wireless Earbuds with Up to 45 Hours Playback (Black),10390,-4.96%,14-06-2022,Ajio
Boat Airdopes 138 Pro True Wireless Earbuds with Up to 45 Hours Playback (Black),10390,-4.96%,15-06-2022,Ajio
Boat Airdopes 138 Pro True Wireless Earbuds with Up to 45 Hours Playback (Black),10390,-4.96%,13-08-2022,Ajio
Boat Airdopes 138 Pro True Wireless Earbuds with Up to 45 Hours Playback (Black),10390,-4.96%,15-08-2022,Ajio
Boat Airdopes 138 Pro True Wireless Earbuds with Up to 45 Hours Playback (Black),10390,-4.96%,24-08-2022,Ajio
Boat Airdopes 138 Pro True Wireless Earbuds with Up to 45 Hours Playback (Black),10390,-4.96%,29-08-2022,Ajio
Boat Airdopes 138 Pro True Wireless Earbuds with Up to 45 Hours Playback (Black),9899,0.00%,03-09-2022,Ajio
Boat Airdopes 138 Pro True Wireless Earbuds with Up to 45 Hours Playback (Black),9899,0.00%,03-09-2022,Ajio
Boat Airdopes 138 Pro True Wireless Earbuds with Up to 45 Hours Playback (Black),10390,-4.96%,05-09-2022,Ajio
Boat Airdopes 138 Pro True Wireless Earbuds with Up to 45 Hours Playback (Black),9899,0.00%,07-09-2022,Ajio
Boat Airdopes 138 Pro True Wireless Earbuds with Up to 45 Hours Playback (Black),10390,-4.96%,12-09-2022,Ajio
Boat Airdopes 138 Pro True Wireless Earbuds with Up to 45 Hours Playback (Black),10390,-4.96%,12-09-2022,Ajio
Boat Airdopes 138 Pro True Wireless Earbuds with Up to 45 Hours Playback (Black),9899,0.00%,07-11-2022,Ajio
Boat Airdopes 138 Pro True Wireless Earbuds with Up to 45 Hours Playback (Black),10390,-4.96%,30-12-2022,Ajio
Boat Airdopes 138 Pro True Wireless Earbuds with Up to 45 Hours Playback (Black),2331,76.45%,07-05-2024,Ajio
Boat Airdopes 138 Pro True Wireless Earbuds with Up to 45 Hours Playback (Black),11990387,-12.26%,12-06-2023,tatacliq
Boat Airdopes 138 Pro True Wireless Earbuds with Up to 45 Hours Playback (Black),11990387,-13.26%,13-06-2023,tatacliq
Boat Airdopes 138 Pro True Wireless Earbuds with Up to 45 Hours Playback (Black),11990387,-13.26%,14-06-2023,tatacliq
Boat Airdopes 138 Pro True Wireless Earbuds with Up to 45 Hours Playback (Black),11990387,-16.26%,15-06-2023,tatacliq
Boat Airdopes 138 Pro True Wireless Earbuds with Up to 45 Hours Playback (Black),11990387,-18.26%,16-06-2023,tatacliq
Boat Airdopes 138 Pro True Wireless Earbuds with Up to 45 Hours Playback (Black),11990387,-15.26%,17-06-2023,tatacliq
Boat Airdopes 138 Pro True Wireless Earbuds with Up to 45 Hours Playback (Black),11990387,-14.26%,18-06-2023,tatacliq
Boat Airdopes 138 Pro True Wireless Earbuds with Up to 45 Hours Playback (Black),11990387,-13.26%,19-06-2023,tatacliq
Boat Airdopes 138 Pro True Wireless Earbuds with Up to 45 Hours Playback (Black),11990387,-12.26%,20-06-2023,tatacliq
Boat Airdopes 138 Pro True Wireless Earbuds with Up to 45 Hours Playback (Black),11970416,50.51%,09-08-2023,tatacliq
Boat Airdopes 138 Pro True Wireless Earbuds with Up to 45 Hours Playback (Black),1045,89.44%,16-03-2025,tatacliq
