Title,Price,Shipping,Condition,Seller Info,Product Link
N/A,,N/A,,N/A,https://ebay.com/itm/123456?itmmeta=012DEW30YG0MEEKND7NH&hash=item123546:g:acwAA9KNiJowH:sc:ShippingMethodStandard!95008!US!-1&itmprp=enc%3AbgepL1tlUHjMGCVfSTGJh%2BzsVKeJ3CQk7NizDI4BZeppuFnmyS6Ijyp8lh%2FnEw%2BWqO7uTV1Q6izE1R0T54aV8j71F4xlWfVcGft4%2FiOQhtqVXA1rW6M1atPARQRmhqUxtEPJKhKtSFgI%2Bvwlzb0GwVCtkp%3ABlBMUObkmabpYw
N/A,,N/A,,N/A,https://ebay.com/itm/123456?itmmeta=012DEW30YG0MEEKND7NH&hash=item123546:g:acwAA9KNiJowH:sc:ShippingMethodStandard!95008!US!-1&itmprp=enc%3AbgepL1tlUHjMGCVfSTGJh%2BzsVKeJ3CQk7NizDI4BZeppuFnmyS6Ijyp8lh%2FnEw%2BWqO7uTV1Q6izE1R0T54aV8j71F4xlWfVcGft4%2FiOQhtqVXA1rW6M1atPARQRmhqUxtEPJKhKtSFgI%2Bvwlzb0GwVCtkp%3ABlBMUObkmabpYw
N/A,$894.98,+$51.79 delivery,Open Box,"minipcsnmore (7,860) 96.2%",https://www.ebay.com/itm/226076600293?_skw=Dell+XPS+15+2023&itmmeta=01JMBYGWWQ7QVFD63BFYR4ST5X&hash=item34a33727e5:g:ZUoAAOSw3MRiJYzv&itmprp=enc%3AAQAKAAAA8FkggFvd1GGDu0w3yXCmi1fXcfnu9rBs4vNQBRYWX8olw4%2F40TCXY%2FF%2Bpz91AGeK7iCP0QXBGdXpJ598jLhaPKHd7VZTUE60dTQNYDco5nbqJ0HUinR3rXdfO%2FcubDkVT07yR1EUhulCrOYL6Rp1Vrmw7F3l54oBkBcTEneHkPvmExhtqpOtWLe6Wqw93lJe0A08KNGWvxIckIP0UjzCCJa0JDCvID6IKTLuZT%2FVbXvnuLfvdJ%2BsOju9iA%2F73oaO5XDgz8DzsPd8P%2FvdDxolv2TDEq3isV7Oic%2FLBylU0iXnw0pb7yi7Xmj9DMrZepmEYw%3D%3D%7Ctkp%3ABFBMws7D_qJl
N/A,$929.95,+$110.46 delivery,Good - Refurbished,"hs_tech (8,695) 99.7%",https://www.ebay.com/itm/126603487960?_skw=Dell+XPS+15+2023&itmmeta=01JMBYGWWQHBPPNZ7HF5R7ZBQM&hash=item1d7a27ead8:g:rX8AAOSwtARnTVy4&itmprp=enc%3AAQAKAAAA0FkggFvd1GGDu0w3yXCmi1cOS9AMQCIE7Ouis5juNOXUMhNBHD4LKmmtoOOvOQjkyfoG1IYj%2BZQ3Xq1h7gHhY7wEYLVCGdDcQoUrGVea4jgVP3Xm%2BGCSJngMAEwR%2BaplYJwGVod5EOmgP0%2B%2B1vwnMgHrS9XvoFT6G954K%2FQ8hb%2BnonAvPIF32pKxNi8LT44fg6oTkSd1GVzl4nu9ThCj0aFfVGDMvJ%2BRid1iG37btTQoO4Jq%2BqOIDlzovKLIxlevr170ZmJpIxN6IQJlfnKuHO0%3D%7Ctkp%3ABk9SR8LOw_6iZQ
N/A,$849.00,+$95.27 delivery,Certified - Refurbished,"new.techies (17,204) 97.7%",https://www.ebay.com/itm/226560116092?_skw=Dell+XPS+15+2023&itmmeta=01JMBYGWWQFP9BWWMNJS3TMNHE&hash=item34c009057c:g:~UsAAOSwGYZlSo68&itmprp=enc%3AAQAKAAAA8FkggFvd1GGDu0w3yXCmi1eZ5%2Fbp9%2FOdhDvYhtJ1ykvvWp0M1Ctz5QD4dWPCTLfZOsKR%2BbyGHGDUKpRXKojpYOtWaorii6%2BKmIwQaksuqFAxgRzUwoqtuTK4u8%2FA6laayLMbRPQ%2FPISmcS2D1zW3KLzw3xd%2FLX94kttwrwC8Gi2MazdeuuaUOcrTbQHJJw69dttI%2FxjzxFMxt982BMhgH%2B0lXWO918t%2Fu0Dky2gBNiSCw4Oiw6qJeMJOhAB153636QqQrq9166vAdztkAj46ovwA8tZPMRIndOhVyoZ%2BY2JT3DSkxkW%2FNxuFX0pGixACMA%3D%3D%7Ctkp%3ABk9SR8LOw_6iZQ
N/A,$479.99,+$97.18 delivery,Good - Refurbished,"itsworthmore (89,594) 98.7%",https://www.ebay.com/itm/296989892377?_skw=Dell+XPS+15+2023&itmmeta=01JMBYGWWR0NK0PFG257K3E5R9&hash=item4525fa1f19:g:iIkAAeSwWGlnpOQe&itmprp=enc%3AAQAKAAAA0FkggFvd1GGDu0w3yXCmi1fZRFQu5WYNI%2BbPqyn3UI8U79MIZ8YDH55%2BJF078%2F7edFJjoqLUhCZxixMrx18CLRkZAfg2MHePecYYCMjMQhMRdn80j4JDZm7y0wONqVIAj79QBwfF4wzWGgGiWbt69V58CtxusSQFyzf6%2BewlSuOmpBcWWPVdKa%2BpWmn5TiGZZMhu4KOoEH10j%2B4szLVLqhuFmOdatEmvweLhMbIqa0BtEw1tMuj4TN5lqfhnEXFyDHlZL4FL6vTV%2BAqagryKILU%3D%7Ctkp%3ABk9SR8LOw_6iZQ
N/A,$569.99,+$99.84 delivery,Excellent - Refurbished,"itsworthmore (89,594) 98.7%",https://www.ebay.com/itm/286329055225?_skw=Dell+XPS+15+2023&itmmeta=01JMBYGWWR1YETVH5F2H0X3FJB&hash=item42aa8aa7f9:g:4TEAAeSwJ7Znr4Zq&itmprp=enc%3AAQAKAAAA0FkggFvd1GGDu0w3yXCmi1fjO82r3hdMJbh2W7IxfM00RfT3MXwScfPbpS%2BBgh9cftWYx2XLmiA9guh%2FqkwVIGmjuF3y3M1MNPH68wqE5i447esyrCaRBCOGtMUIxb3Wi2sZG5NSUo%2BvJ6SmA8iNtty4F6rCNPCWxLR%2FtgDZVwlOOFKXyb%2BtRyHL4OyOoG1U5udQST888hYszr3ht2ibeZSZJrDwINmiGwjKzlTZlF%2Fh2gKIgbYykc4kdmToFUi3VtZYx4y1tW%2BMOnSLeMNZc80%3D%7Ctkp%3ABk9SR8LOw_6iZQ
N/A,$799.99,+$102.39 delivery,Excellent - Refurbished,"sj_computers_llc (17,856) 98%",https://www.ebay.com/itm/305858866918?_skw=Dell+XPS+15+2023&itmmeta=01JMBYGWWRTWEYXJJ6XQQT1BCR&hash=item47369beee6:g:vtQAAOSwE0pnGl~~&itmprp=enc%3AAQAKAAAA0FkggFvd1GGDu0w3yXCmi1fpf9uNkQkX%2FaKNcM0fLeRI8RNdErmS%2Bq5cJVk%2FvY9SM%2B%2FDYu%2B8jf4wICO9hxx2pf%2Bs3gZcZZbWG6c0AaH7FCE2v7jk9A9tXLzRuY%2FMYeu9f7jJw8sb3b0MQk1m%2FHEyb6wMoWC4q7Jd4Skl%2BTpx%2FSuFX0vFxcSvxGcbC%2FUZPd89OxLwqwHswb38gYiXSy61G0U%2FyKScRN%2B3lnl5HjIRI3s29VRZbh97UD9jzvVf6zQZmSaMnvIZHc1l0Zlxm15BKFo%3D%7Ctkp%3ABk9SR8LOw_6iZQ
N/A,$415.99,+$82.50 delivery,Excellent - Refurbished,"itsworthmore (89,594) 98.7%",https://www.ebay.com/itm/276809737501?_skw=Dell+XPS+15+2023&itmmeta=01JMBYGWWRPX3VD1H3A6TF8EB2&hash=item407325651d:g:csgAAOSwI9VnfuwW&itmprp=enc%3AAQAKAAAA0FkggFvd1GGDu0w3yXCmi1cTUraS9Q%2F2gcNOSSl4r0U6AXKQ3WHSlxDhLHypJyM1e%2BcECGNmynRumiIVZSe%2F4bOp712oxqTVLuOhiQh4z00f3I1Up5fmY3Mp93XSaBojX5zZ88%2Fzv768zt8fppWI9iG%2FF26Vq%2FnKgzieO0KQ3bpvgO%2FNUpiHiHuiHWRWohpHnI8BV5jgMh7A6a3rUcga9mRF%2BmPu4MP7Mo6JoYoE72BZzDcpR9N%2BI8HHnTd3Pqv4qQRkOv7QSmEbzKNbVCFGcoc%3D%7Ctkp%3ABk9SR8LOw_6iZQ
N/A,$725.99,+$104.44 delivery,Excellent - Refurbished,"itsworthmore (89,594) 98.7%",https://www.ebay.com/itm/296954351786?_skw=Dell+XPS+15+2023&itmmeta=01JMBYGWWR8ZKBZ5EF6W0X9FBV&hash=item4523dbd0aa:g:3GYAAOSwmrVnjofP&itmprp=enc%3AAQAKAAAA8FkggFvd1GGDu0w3yXCmi1e%2FO5tSLf0pe%2BKheHcp2lFVqmMklnxrpwreB4zCe53EQacNcglhg%2BesiLBzAPzceENMlF6PuEMPOqcx7nMljHciZhhTjrVMfGOjHk%2F5INYhd90UqWz6CxxY%2BPDJjNgxHU5GxyAmQQk%2ByJb%2Fqy5VQ1zjHUiy037mynLWt3XCi4yRteS7ZMUi2MSvK4NCATSYAGqwaMpudNAAq5w9SYkcUcTwJ1I1wXoQOUXYXd4Vtmnw3DOJrdUXNFcwg6PFNbJJ0sUOel0ezlcPguOdhMlW%2BIqlI6sxUFB52kH1kY3FnVWBOw%3D%3D%7Ctkp%3ABk9SR8TOw_6iZQ
N/A,$925.99,+$110.34 delivery,Very Good - Refurbished,"itsworthmore (89,594) 98.7%",https://www.ebay.com/itm/297004093008?_skw=Dell+XPS+15+2023&itmmeta=01JMBYGWWRB041WR9KNS8ATZQF&hash=item4526d2ce50:g:fs4AAeSw809nqmVO&itmprp=enc%3AAQAKAAAA0FkggFvd1GGDu0w3yXCmi1evwSYrAW%2FBPqEYy76m1dpFHipexIpbMDIfp3Uo2wOIy3q5IHv7uCT6XsVJHWrYdzr6ZMzPFIseHtChC%2B7c3dWLiE%2FIsaQ4J5JuIL4U6POFvBl6RIUBLURPKFIgOYfJgOzNwCdPP2ZgHPigmx10p%2FQq6uBCmA%2FDWJ22CngAM0Tw70rvcHLrxX37svlHqSL6uHe2bnMATV02iqecQRLetMCuMYSn3Bg5cnioCNwnX5UcykHTyCTd9UTOcKadkILV5OA%3D%7Ctkp%3ABk9SR8TOw_6iZQ
N/A,"$1,528.79",+$256.32 delivery,Excellent - Refurbished,"0_rach_0 (3,264) 99.3%",https://www.ebay.com/itm/167258304548?_skw=Dell+XPS+15+2023&itmmeta=01JMBYGWWRCQX984TXPFPFWMQE&hash=item26f15f3024:g:knIAAOSwAr1nillV&itmprp=enc%3AAQAKAAAA0FkggFvd1GGDu0w3yXCmi1cNl2vKuRk%2BJbkkwhNdVkYEhbhJbWrmnrbXpGiER%2FEF7wRposF50OuYGY4LZdCzwpKuOgtaeYBTUsOHaK1sQGCFbXTpKd6hsfI2NaZirYig5Hn2l%2FcrT0KBrPorO7RbzGThgmKbWnIxOE8WGTwfS816NhAsPd2i1Ahx5VXB7HOp8GxphFsP2lHYQTPE%2FPNamhmkja5eSjyWXt%2FadGM6IyX3df%2F8V4Gvcmeg1eFY3Kd0bWy%2BNtw1SrvyI0Zy6%2B3GBUI%3D%7Ctkp%3ABk9SR8TOw_6iZQ
N/A,"$1,534.50",+$5.00 delivery,Brand New,"ea_memory (38,019) 98.9%",https://www.ebay.com/itm/314891433329?_skw=Dell+XPS+15+2023&itmmeta=01JMBYGWWRDADH61622SM645SS&hash=item4950fdf571:g:~AYAAOSwQZ1lLQBO&itmprp=enc%3AAQAKAAAA0FkggFvd1GGDu0w3yXCmi1fAYc16NYzuuQ2lpsPVwHnGqmGvSm%2BdiQL2IKaOCJwtTzNf9ag6gJX%2B0uJ51NwJ2t6nGNA3m%2FW58Uf42cZyk271A43HDjmadtiiq7e%2BpHWfGn0i2G5MNOpupxy6zLKCCtvwTNWE2XA8p%2BOhhHUGjhQJZi61VuorBV3z%2Ff0EklCLp%2BPbucNG16ujRpYcMxu56hucOvL%2FawcEESwb98MIBos0INLeCdDXu%2BT5GItrk5q09zMTvqMNCtb%2FAa%2BNbG15wQU%3D%7Ctkp%3ABk9SR8TOw_6iZQ
N/A,"$2,199.99",+$96.00 delivery,Brand New,zhanjianx-0 (4) 0%,https://www.ebay.com/itm/385245531762?_skw=Dell+XPS+15+2023&itmmeta=01JMBYGWWRERM1HEMBPHXNRP70&hash=item59b26c4e72:g:rR8AAOSwQLJjetER&itmprp=enc%3AAQAKAAAA8FkggFvd1GGDu0w3yXCmi1chXEKJAqh4E1dFVU03mBkcynNosZ0X8OzpDtQg56aUtnaTxy1VobNnOKD0b9DTqihQuEXElYIo6vAu3EFc%2Bc9wbiHMQMBm4zJsfhjvGbDufXZkIl7ORfwwolBO86sgrVzwuJ3ku1VQI5sQ8USFXjjq2ncRBK4pImnId%2FNrmEGIDEiJJZEYu6bEA44HTS6d2RAPz0ANBqOhNMHOfeTs3Tq0nYwev9sFIeVKQIIKz%2BKBUscd2j061VGhwCBN95yZ4fKiRTT3mVmdUw3c5CsXgaOPaf%2FUyXWPXlae9w7pDaV34Q%3D%3D%7Ctkp%3ABk9SR8TOw_6iZQ
N/A,"$1,528.79",+$256.32 delivery,Excellent - Refurbished,"0_rach_0 (3,264) 99.3%",https://www.ebay.com/itm/156641484344?_skw=Dell+XPS+15+2023&itmmeta=01JMBYGWWR7230C3F76E9Z9JB5&hash=item24788f5e38:g:ER8AAOSw7xpnilkN&itmprp=enc%3AAQAKAAAA8FkggFvd1GGDu0w3yXCmi1dKOLuTHOSpNaZ4VjJGLO8P6vdkkg%2FWq4aBOtac35mixgoemLIw2hSlw8gY80aN%2B%2BtFnWYtQyhzoBSXHBmPV1J%2FpZn0YnJttyZz%2FWRpKqW7q%2BLuODsHjt9utGxiUoEOoGn%2B%2FtEvbX2V9SuHdOhBCEcqvRyLJ0lg1%2FyhOTDFdvrVTbIb7M%2B%2B6NcT%2BDXbzdo8ku4L%2FFbYymJas%2BA%2F8WOt5vZ9SP771mL4dvQ5Tegvkc8Wh8EEQQgnUkPa1Vp9PKZjeBiN4WcsrfSeseD2wYLffnn55Rw3vCtDwQu7KwM3AmPGEQ%3D%3D%7Ctkp%3ABFBMxM7D_qJl
N/A,"$1,512.34",+$256.32 delivery,Excellent - Refurbished,"0_rach_0 (3,264) 99.3%",https://www.ebay.com/itm/167258346365?_skw=Dell+XPS+15+2023&itmmeta=01JMBYGWWRQ5Z3CEEA7FC65B89&hash=item26f15fd37d:g:Tt0AAOSwW1JnjM2R&itmprp=enc%3AAQAKAAAA8FkggFvd1GGDu0w3yXCmi1cRfP%2BZLDJGjiWhbsWDfBP0daJ9c7PVF8oOgimDt01ETnr10LXd6jPbGpTW9LQkrWfEF4AZCa9t7viXvlRpPXjxY6tsoNtU319ekIincCtQYr4aKsDC85xPTwf%2F66Y7gEhtzf5e%2BM0tvk5KAUpO72RLYkwSSFLQsFX9HJ9grny%2B2jslT%2F2KdHJflvl46%2FY8TUa4llzXix3MLiC359AooqlO6EK8UNVdUoyLU40RRT7NwSbcLgii0iSfrsAS74O4%2Frj4M6NQ5CY%2BP8RiE3mjCNXUKiT172zyPq2Xqgae%2FSkyrQ%3D%3D%7Ctkp%3ABFBMxM7D_qJl
N/A,"$1,875.71",+$256.32 delivery,Excellent - Refurbished,"0_rach_0 (3,264) 99.3%",https://www.ebay.com/itm/156641486060?_skw=Dell+XPS+15+2023&itmmeta=01JMBYGWWRF2R42P44273ASNSB&hash=item24788f64ec:g:H7gAAOSwKLpnillE&itmprp=enc%3AAQAKAAAA8FkggFvd1GGDu0w3yXCmi1dHrpjOg5TTgtK5DoV400eSXxcZ%2F5HBIQAGnsu4gSd7fgXG0xy%2BrtMllv%2BtyzwQgC7RtLa6MKQc7G9y%2FLYXiaDRcYaJl8TPHLTVxh8UFkgaXRlymBIRbufXjqq3NoH5YIuEOTZ7zNa4Ay2ZfAPjEK7dGrreXAgKdhSqM%2FFgyTg5Z8bCtrUZqrk3F32Mrpyi%2BowZgPaQiXERNIEdmm451BlEK%2BmaKBnXj%2B23tuzM%2F0R2uDLUGOntrmm1NbXPBRPRWFKeJFMFlCqGY%2BeMJhIJke%2B3UZk%2BTIAUCM4SkDQTjDK8GQ%3D%3D%7Ctkp%3ABFBMxM7D_qJl
N/A,"$1,707.54",+$256.32 delivery,Excellent - Refurbished,"0_rach_0 (3,264) 99.3%",https://www.ebay.com/itm/167258305074?_skw=Dell+XPS+15+2023&itmmeta=01JMBYGWWR64SZQ2JP8DNY88XF&hash=item26f15f3232:g:Q5YAAOSwfABnilnQ&itmprp=enc%3AAQAKAAAA8FkggFvd1GGDu0w3yXCmi1draDdQ9SZjXknz46rTot3SErw1IiOuRK%2BHc93HFMXGXi3jc15tRiZi8XROrvUfNVO%2FkQ1cEiZys6Darh%2BBcfdqhn3JbChuTxR7cEpJ0Xu4eLHXGRr5GP9OySjXU78Y6v7tx5oiOE64oEyLN95aPYwIYUQOaCzsEMO5kCTRlq5YC6Z%2F6dIUSjUZOS1oZRr8KZ%2FGxyNZX1uV%2B8RLBOi9Tai1N1sM1g7%2BhIg1RfxQ6wppQAkP9JHUTwdu8T3Wpmr14jqq1TDS0zc239FfqNvsjO6nYHiH9IbcRGrq8c6VoqjpTw%3D%3D%7Ctkp%3ABFBMxs7D_qJl
N/A,"$1,688.73",+$256.32 delivery,Excellent - Refurbished,"0_rach_0 (3,264) 99.3%",https://www.ebay.com/itm/167258305069?_skw=Dell+XPS+15+2023&itmmeta=01JMBYGWWREE3DN8ASSWSKDAKG&hash=item26f15f322d:g:I-oAAOSwjepnilkh&itmprp=enc%3AAQAKAAAA8FkggFvd1GGDu0w3yXCmi1emAJ2Zb8gXlQuCfkKrcCgZdlzJxUKlPelrhtf55LJ87uiJpTgzdf%2FpcBP1H3wrP9wYz%2BacJyPaunPgP1GmPrDOUEiKfjVDYFJdVW74rQtEnB4O2qKVEJG86xOaPaNjMTpZT1noUkes35S%2FlFU3nhH%2BAdrT0TKUHf2fzEbUMNHJj%2B8XLt%2FaBZik3%2FNP2DNpkMa3CYvNLH2Kt4bMwaS8ENZgmtJklyQkTiM4vHS6ntNJavJQyb80dP8p5HbXzIfTJlYZIeFXdhPzsFyck6s8iVKFGYmc9aYgg2HmGljZpxEVMA%3D%3D%7Ctkp%3ABk9SR8bOw_6iZQ
N/A,"$1,688.73",+$256.32 delivery,Excellent - Refurbished,"0_rach_0 (3,264) 99.3%",https://www.ebay.com/itm/156641486077?_skw=Dell+XPS+15+2023&itmmeta=01JMBYGWWRA4ZVX172HSD36VHR&hash=item24788f64fd:g:naYAAOSwsOBnilkK&itmprp=enc%3AAQAKAAAA8FkggFvd1GGDu0w3yXCmi1cxQJD38csAV5hY0ghGb8xcgIiTdn2aB%2F40gOd7mNPzsvF6wor9BoT8BLvZrshcwkm1hHMFkM0vpKUe2HhXyJo09uBlmGJWBbUy9F8msuMWr%2F9VYz1M3Gbrb4aJpy00Pk6t175R1SNz4yq8wevnqbbrAx%2BZTn6JYuVCcCR5eMi6MXkc%2FVpMFSyBOkFYi7Jn2yRk7OYwLNXrvE3g9mDXd9M0B9sz4%2Fn3uIJak5cF4tcyGq%2FaLMMOqSSNsm3o%2Fcj%2FeUm0cIH5WmSuunLf0zUKV7TJITi%2BjxgmUT8wVBHOMTgdsQ%3D%3D%7Ctkp%3ABk9SR8bOw_6iZQ
N/A,"$1,920.40",+$256.32 delivery,Excellent - Refurbished,"0_rach_0 (3,264) 99.3%",https://www.ebay.com/itm/167258305072?_skw=Dell+XPS+15+2023&itmmeta=01JMBYGWWS4V8MZTBQGHDM4G1M&hash=item26f15f3230:g:ThcAAOSwlLJnillo&itmprp=enc%3AAQAKAAAA0FkggFvd1GGDu0w3yXCmi1eB%2BNwCWSqTriGO4HW%2BrUpxryVpN4XfcfHKAh9K%2Bt4Ury4Uv5q4gSr9tD2RIrXnGCbIPLuh3LxYShxWOkFuc7cZmQNAB8o8ldFfiRBoZww59mhgydGP1nnYfXc3KSMkAVwiVM3cU4u%2F33YQ1vmlXLcnQ0dgMPpkLtpHD6sdLCyofBUI0qzn9bw5%2FbD9L6OWxDlzRe9eRovrjyaSsFY2cD%2BItnI5qIXybc9eAKuz2hmTQQe5dHnnE61QVzpiQWD4dog%3D%7Ctkp%3ABk9SR8bOw_6iZQ
N/A,"$1,872.18",+$256.32 delivery,Excellent - Refurbished,"0_rach_0 (3,264) 99.3%",https://www.ebay.com/itm/167258305071?_skw=Dell+XPS+15+2023&itmmeta=01JMBYGWWS8PCF8W8CFP9HTRPQ&hash=item26f15f322f:g:H4oAAOSwzuVnilkI&itmprp=enc%3AAQAKAAAA0FkggFvd1GGDu0w3yXCmi1ex4ghOrUAHb7W3r8pHWA%2FsKqxw8h3A5rLAMJykmM4h28wHVSCHW%2FLpxDvJhkHBMr4mnCi6inhF8671wiM2u3vzCA2f%2FEYIopooltAYmzmiUTRK9pxPer3jIAuBiKUvINxa2zJZmzcMNW%2FohwmpQ8THK2mQ3rPMJ5Q4lKoXxbvKt7dsquTMuRqUmRK%2BMh0JQUKt3tbnvX8diP7rVVn5RtG%2FoM75F13f5oSDpNZR%2FmXsqRl9nJkymdp7XekPfiBe1Lw%3D%7Ctkp%3ABk9SR8bOw_6iZQ
N/A,"$1,715.77",+$256.32 delivery,Excellent - Refurbished,"0_rach_0 (3,264) 99.3%",https://www.ebay.com/itm/156641486058?_skw=Dell+XPS+15+2023&itmmeta=01JMBYGWWSCEF9A64SMVAENBV8&hash=item24788f64ea:g:w2IAAOSwPrtnilkJ&itmprp=enc%3AAQAKAAAA8FkggFvd1GGDu0w3yXCmi1eys%2Bs9gIiNpwTJllRxYC6RRB4nOzsn0D8uOXfmrqdHHUS1pqt4BrST3XV5LnFgeYExVq%2BZEfxpCI7Yml0Nbm4mBGqS8bK%2BfIZPXsJY8Q1TQiif6x8Svbej6DAgDy5BpI8HcpUvwRsM%2FOTnja4xmOna80XL3p0krq3bxZp%2FK1slnGj8Y9CVtNogELxPhzA8lSNp0l6J8q2UsuwNnH9Zal3q6%2FCcjXsMoGUfR62wsUWhZJM85BVDrcMRfIupRzJ%2BsLNSvWaD6Iq%2F66pu73l%2Bm%2FDIOFqdE84qbdYIo33MvIB%2FtA%3D%3D%7Ctkp%3ABk9SR8bOw_6iZQ
N/A,"$1,880.41",+$256.32 delivery,Excellent - Refurbished,"0_rach_0 (3,264) 99.3%",https://www.ebay.com/itm/156641486067?_skw=Dell+XPS+15+2023&itmmeta=01JMBYGWWSXWYEA3XVFR0KECM0&hash=item24788f64f3:g:am0AAOSwhpBnillX&itmprp=enc%3AAQAKAAAA0FkggFvd1GGDu0w3yXCmi1cVSESCGOVOjzs38%2BswlTfg4ELbTTO70ah4RqSzV1sC4aBZhegeUsyDJEg8sMMPU8I9Hm6L0eLains0NFrgJmllohVLB179sdB8rdj9s3r6W%2Fv6BLnufugj54DK7dV9baCIeKJZXf7YwE33Zowdj6omK%2Fjl%2BMsbpImmurBlev3CilXG3KIsPnJZtN4uRSMQxKQnmqXQT5W74Ig2hyhDzWF0wKcHhaDQoyysKJFu7uhxI9rTC7dbVn0uNKYyh6S%2F9B8%3D%7Ctkp%3ABk9SR8bOw_6iZQ
N/A,"$3,912.81",+$256.32 delivery,Excellent - Refurbished,"0_rach_0 (3,264) 99.3%",https://www.ebay.com/itm/156641504966?_skw=Dell+XPS+15+2023&itmmeta=01JMBYGWWSEF8YCXKV0SQV327P&hash=item24788faec6:g:xFUAAOSwUZtnilyK&itmprp=enc%3AAQAKAAAA0FkggFvd1GGDu0w3yXCmi1dHtrBJXp%2BEmhY6K%2FqZBMaJ4QjwmlaONMcY9JjDY9AuRJFkZDMdwI7o0O55VspAYqcYyryIuCnseYYqu73tMQGSvwFDpXHMPBdfEsSdUYRu8hzauleRc9B4aMxsOozq%2BJiBnYKS98S%2Fnbsiuh9eJaOpjRz7Gx6fQEPpnab%2F1UaWSh1RhIIbaN7Te6kxIEBdA5rpsGjCeHRnWNeHckwL5DGdR3sz6c1OjDB1mGvybxS5sWeLBupxLQfMN3QprH53ecU%3D%7Ctkp%3ABk9SR8bOw_6iZQ
N/A,"$3,223.62",+$256.32 delivery,Excellent - Refurbished,"0_rach_0 (3,264) 99.3%",https://www.ebay.com/itm/156641504972?_skw=Dell+XPS+15+2023&itmmeta=01JMBYGWWSFQ6C2QJ6TQWTY8V3&hash=item24788faecc:g:0p8AAOSwgflnilx-&itmprp=enc%3AAQAKAAAA0FkggFvd1GGDu0w3yXCmi1cAdfdbclKmeBZVZPQoMDbUrI3E2Xrgt9cGJ7wKUG5XCTeTZEiI%2BqdrWxSzm23exJvka23L2QGOSe3EXAo1UEzbxFK%2FSVnGyJmupw4yK6vsUGSJYq6cyMlvo8pR4J7uRWvmVwQg8jNSVgR9PhTFvgbhxFZGYKeIFkcJNdEc5Ux%2FbRO9kd5DapJk0fCBK5EnfCxnBJ36kDtyJVDdrm%2FbKsh76uN6GO5ywbQTZc5uYK9Hd0YgO9hg39XEJz9d635JAyo%3D%7Ctkp%3ABk9SR8bOw_6iZQ
N/A,"$4,533.00",+$256.32 delivery,Excellent - Refurbished,"0_rach_0 (3,264) 99.3%",https://www.ebay.com/itm/167258330750?_skw=Dell+XPS+15+2023&itmmeta=01JMBYGWWS952ZT87ZBZWQ5760&hash=item26f15f967e:g:arUAAOSwZENnilwr&itmprp=enc%3AAQAKAAAA0FkggFvd1GGDu0w3yXCmi1cMKdNfUXHI0%2FC1ngkcmhY1omE0H0amvoDUeipAbB2kYzwpzdpkOKfj6pW3R%2FvCQocOWGjgS8gq9wDgXmbNugiICaVkmgPEhow3eybsdW4LfwM2YBBRTSxaiVoQ4%2Bn3XeJWxO0FMlUqJFdtboUQrGh2qC2LM6mHpJzWcKKonh8oIHeTj96ZMOcduu8FEmyUrKl6jUFDYXkxeoTRa5Dh55f%2Fs5BmAPmIbhvWc%2ByrHHQrhU5kL6IBd7R2I%2Fy58ztQcqE%3D%7Ctkp%3ABk9SR8bOw_6iZQ
N/A,"$3,965.76",+$256.32 delivery,Excellent - Refurbished,"0_rach_0 (3,264) 99.3%",https://www.ebay.com/itm/156641504971?_skw=Dell+XPS+15+2023&itmmeta=01JMBYGWWS1RCXYC66KB2704PS&hash=item24788faecb:g:OccAAOSwcKhnilyo&itmprp=enc%3AAQAKAAAA8FkggFvd1GGDu0w3yXCmi1fPHoh8DLIl7aApZTLiUDMMN2xxGGX9ySkJcGWidMtQb7J%2BtM%2FzF0ui4LE5I3ES6sll5vwWkTk2PBq2Y8xKTjBs6s0y%2Baf%2BazdwdTb3BlhpwiS5b7fi1%2FYluccGY7Jmk88NImgDpFKFa7kHEEO5mxLhcN2jKyjVcfe6amZIRDlo%2B%2Bv0y4RsGQlj2yeT5HVMVQwvxamZxILr43MKley27nBgRKFj48Vvhbo9wOWtbSeYNjzg7p3cAtBi4pyGVN5enP2%2FjklkDLpjfxNyk1J%2F%2BBYetOQaKGPuuj4PcHj48yJYRA%3D%3D%7Ctkp%3ABk9SR8bOw_6iZQ
N/A,"$3,043.41",+$256.32 delivery,Excellent - Refurbished,"0_rach_0 (3,264) 99.3%",https://www.ebay.com/itm/167258330747?_skw=Dell+XPS+15+2023&itmmeta=01JMBYGWWSNBBZAHE90CYG5DN2&hash=item26f15f967b:g:fbYAAOSwXBxnilzG&itmprp=enc%3AAQAKAAAA0FkggFvd1GGDu0w3yXCmi1fXlhdKrm%2BTYtzEgvEkMDmX%2BmwYKUMsZfdl73T9eK1sa%2BUfZedmWNTfUPz%2B3MyN4EY9SeXdps9klmaH3bRRKqL0rWaFLPE%2BP2vEG%2BRAEJBXcdHNAMD9BPvK6L%2BhHUrBF2qNSk%2FekrSyPf08CK2YtMjTUN8xY1pj26OsmpJoLJDx%2B%2B%2BCuQiiyAseBqK1DbHpfFn1CfzykUXOnStkieRrG8ESJZjmsDueA2kPrhyRw1RldHRESPHo%2BvwI7QU6Yw8iFxo%3D%7Ctkp%3ABk9SR8bOw_6iZQ
N/A,"$3,360.68",+$256.32 delivery,Excellent - Refurbished,"0_rach_0 (3,264) 99.3%",https://www.ebay.com/itm/156641504979?_skw=Dell+XPS+15+2023&itmmeta=01JMBYGWWSY3NZJPQP3J1TSYXD&hash=item24788faed3:g:L5sAAOSw44RnilzF&itmprp=enc%3AAQAKAAAA8FkggFvd1GGDu0w3yXCmi1fL0UjepacunzB1Z820vtEf0l%2FWIoPvTNK9DRN08DQjcLTj0YUKYSHP4A8f5GGVwOU0QQh2NuVHnXzZQtdlJz0o9AAPWwxiN8x3TDpeGzBXA%2F4M3lGbW7oWugEGaxdMr0lCWXBtZV9We1mcmlJ3Vj4ji8IPubtR%2B1fdMoLhPBbOCMFRo5gxMdXcxbqVrRxK003wXRMOcIVKooC7jRqng%2BK7wYMD68i0et%2BFHScarF4RxV3QsaUK85erVVS3oepo236%2FP230WTDtJ4dZIsC5HvUJrbY3d4AAbr6gVbNdaFxarw%3D%3D%7Ctkp%3ABk9SR8jOw_6iZQ
N/A,"$3,449.77",+$256.32 delivery,Excellent - Refurbished,"0_rach_0 (3,264) 99.3%",https://www.ebay.com/itm/156641504970?_skw=Dell+XPS+15+2023&itmmeta=01JMBYGWWSDTNVZJAJJRGVMG0T&hash=item24788faeca:g:n28AAOSw2sFnil7y&itmprp=enc%3AAQAKAAAA8FkggFvd1GGDu0w3yXCmi1c3aG6PWlbFbmwgokjpfwN6sO1L%2BgDAowMml6Ifp7qxrAfboftTAIrlJAWmyAHpnnTOjIPMDWd4FmbMvN1zxaT1j%2B7vFngWS9eQmclVJhCdad8S%2FuN1QGrbTVdZdFbLLY7q4y5VjHz8whQHI3R%2FNGeeVf62FCZ9LM6yPomEm1rcV205hnPlEd8b0zqN6Fs%2BIMtN3xOVdBthA37A2TnKQfxDKDg%2BOKkMJi18EqN%2BH1o11vJODTAbbgyz49%2F7X5R4azkR928F8GfQDSAMXjXdGavM7s5z3avr3XXI3J3mwK5u%2BQ%3D%3D%7Ctkp%3ABFBMyM7D_qJl
N/A,"$3,445.98",+$256.32 delivery,Excellent - Refurbished,"0_rach_0 (3,264) 99.3%",https://www.ebay.com/itm/156641504984?_skw=Dell+XPS+15+2023&itmmeta=01JMBYGWWSVK3353FR8NN3X650&hash=item24788faed8:g:Va8AAOSwqI5nily7&itmprp=enc%3AAQAKAAAA8FkggFvd1GGDu0w3yXCmi1e48mlz8f3lYdf0%2Bdcv5k13TZhuOoQXFxwKfDl3Zc8EkTRzpwqO19FzzRPV7wxScJUIcsaPa1DKlZT35vk5BG8RdViincWFBBTi3TwFVkB78%2FiKwtyWu9r6kRPMKvBEDv13mNINZTb%2BqD0y4ntTbp4hzSkY%2BR9eRFAviWSrvCLy7JSyHCeMftmFSa6MPu3UmTLa%2FAetTQMZV7dW7GcKw1612rYqOVjA7CsSHLyVuTTF3UGUCKwuXd7CcFQUk3sCiqmUlmh6zD9tdeathUKdibtCWPCzPnepyQl425Pnaqg0iQ%3D%3D%7Ctkp%3ABFBMyM7D_qJl
N/A,"$3,178.17",+$256.32 delivery,Excellent - Refurbished,"0_rach_0 (3,264) 99.3%",https://www.ebay.com/itm/156641504967?_skw=Dell+XPS+15+2023&itmmeta=01JMBYGWWSQPJFKA18N9BA94K6&hash=item24788faec7:g:OxIAAOSwLO9nilxM&itmprp=enc%3AAQAKAAAA8FkggFvd1GGDu0w3yXCmi1fbVRDd%2FncLonGrCaVGHHj9qdRjEskdV0507QNDwgu726C8nR0gAtXBrORiqCEmQXrL5R9wy8QI2xLUd9N4M3VeaRuzdfer8tqrLRUcb7O1wWKJwb%2FTdQBghO%2FAHw%2BIB8C516AJn8bNmSdFc7qROIoUYlVo8XCatUn3WJUafj%2FD%2FT6Q%2B72GXQqdnlqkDC6CPkeewZI3ksSd1O8WJoyyhsoPEhMOxrO8wheG9B3IMalm4bMfEuerNrPhYnlh46k8ZBjjkD4NnFKfVRnQH1lW6dvF7%2BteG5xDVsW6Tsa8pIpzcA%3D%3D%7Ctkp%3ABFBMyM7D_qJl
N/A,"$3,445.98",+$256.32 delivery,Excellent - Refurbished,"0_rach_0 (3,264) 99.3%",https://www.ebay.com/itm/167258330742?_skw=Dell+XPS+15+2023&itmmeta=01JMBYGWWSMYVP89J4PGAKQD08&hash=item26f15f9676:g:07gAAOSwpuBnilzF&itmprp=enc%3AAQAKAAAA8FkggFvd1GGDu0w3yXCmi1dt3Srz1mgmPSj4Ek6kTX1yN5sQywghfr2kywuTmcCuwFdwWNzlAOIcc9h2TF7n9iqDcE%2FCtWmZ5NRsI04arHMn3bkF9PDPHrVmGW6osruwNLR7Y7Q8%2B9b5dfFGhOYZqUF0KczoSSJ5Cs1uKZF2Chg36nSNAihkk2gOA2ucEaU2L0TFxu22styEDoBT3DfC%2FhrpDaKpYgtICiAqdXHhCiBq4CSUH8qPi5%2FWNy55bA2zE8y8%2BiARi%2BafVpBIMj%2B%2BP52CMvhbk5kJ58%2BjoRb0MR9SwbWDo3BuYdclqKXtbRZKBg%3D%3D%7Ctkp%3ABFBMyM7D_qJl
N/A,"$3,360.68",+$256.32 delivery,Excellent - Refurbished,"0_rach_0 (3,264) 99.3%",https://www.ebay.com/itm/156641504973?_skw=Dell+XPS+15+2023&itmmeta=01JMBYGWWSPDZ2TS65M9TAG2K7&hash=item24788faecd:g:hxcAAOSwQPtnilwM&itmprp=enc%3AAQAKAAAA0FkggFvd1GGDu0w3yXCmi1dP6c5NOb5Ok1pZGHAeleg%2FwJZchzkPg3DXXsR32YfBOfEH4n0u%2BMWvh4oL6QxgJbeBZRitRdxo2tRa9bpd4rU%2FOc8txwqnUWy0JIZUJrPXiNwScjjOimnCxcOsjJ0wo6fqnCdywRdzC3MVC%2F7ipn48FsekdclUwdhe83sb%2BTcocxGt%2FiKvbkSqfTveIi3Lix7UnxOaZVAqiqYTF98AlZCUpJwOaAamnHw7s5%2Bq8dGqi%2BTNA%2F99koIca1t1RGh5d7g%3D%7Ctkp%3ABk9SR8jOw_6iZQ
