Product,Date,Price,Source
Lenovo 108 cm 43 inches 4k ultra HD smart led tv,2023-09-15,29990.0,Amazon
Lenovo 108 cm 43 inches 4k ultra HD smart led tv,2023-09-16,28990.0,Amazon
Lenovo 108 cm 43 inches 4k ultra HD smart led tv,2023-09-21,27990.0,Amazon
Lenovo 108 cm 43 inches 4k ultra HD smart led tv,2023-09-21,26990.0,Amazon
Lenovo 108 cm 43 inches 4k ultra HD smart led tv,2023-10-04,25990.0,Amazon
Lenovo 108 cm 43 inches 4k ultra HD smart led tv,2023-10-08,24990.0,Amazon
Lenovo 108 cm 43 inches 4k ultra HD smart led tv,2023-10-09,23990.0,Amazon
Lenovo 108 cm 43 inches 4k ultra HD smart led tv,2023-10-10,22990.0,Amazon
Lenovo 108 cm 43 inches 4k ultra HD smart led tv,2023-10-11,21990.0,Amazon
Lenovo 108 cm 43 inches 4k ultra HD smart led tv,2023-12-25,20990.0,Amazon
Lenovo 108 cm 43 inches 4k ultra HD smart led tv,2024-01-03,19990.0,Amazon
Lenovo 108 cm 43 inches 4k ultra HD smart led tv,2024-02-22,18990.0,Amazon
Lenovo 108 cm 43 inches 4k ultra HD smart led tv,2024-05-21,17990.0,Amazon
Lenovo 108 cm 43 inches 4k ultra HD smart led tv,2024-06-06,16990.0,Amazon
Lenovo 108 cm 43 inches 4k ultra HD smart led tv,2024-06-11,15990.0,Amazon
Lenovo 108 cm 43 inches 4k ultra HD smart led tv,2024-06-27,14990.0,Amazon
Lenovo 108 cm 43 inches 4k ultra HD smart led tv,2024-07-02,13990.0,Amazon
Lenovo 108 cm 43 inches 4k ultra HD smart led tv,2024-09-25,12990.0,Amazon
Lenovo 108 cm 43 inches 4k ultra HD smart led tv,2024-10-25,11990.0,Amazon
Lenovo 108 cm 43 inches 4k ultra HD smart led tv,2024-10-26,10990.0,Amazon
Lenovo 108 cm 43 inches 4k ultra HD smart led tv,2024-12-04,9990.0,Amazon
"Samsung Galaxy S23 5G Phanton Black , 128 GB",2023-03-20,74998.0,Amazon
"Samsung Galaxy S23 5G Phanton Black , 128 GB",2023-03-21,74998.0,Amazon
"Samsung Galaxy S23 5G Phanton Black , 128 GB",2023-03-22,74998.0,Amazon
"Samsung Galaxy S23 5G Phanton Black , 128 GB",2023-03-23,74998.0,Amazon
"Samsung Galaxy S23 5G Phanton Black , 128 GB",2023-03-24,74998.0,Amazon
"Samsung Galaxy S23 5G Phanton Black , 128 GB",2023-03-25,74998.0,Amazon
"Samsung Galaxy S23 5G Phanton Black , 128 GB",2023-03-26,74998.0,Amazon
"Samsung Galaxy S23 5G Phanton Black , 128 GB",2023-03-27,74998.0,Amazon
"Samsung Galaxy S23 5G Phanton Black , 128 GB",2023-03-28,74998.0,Amazon
"Samsung Galaxy S23 5G Phanton Black , 128 GB",2023-03-29,74998.0,Amazon
"Samsung Galaxy S23 5G Phanton Black , 128 GB",2023-05-18,74998.0,Amazon
"Samsung Galaxy S23 5G Phanton Black , 128 GB",2023-05-19,74998.0,Amazon
"Samsung Galaxy S23 5G Phanton Black , 128 GB",2023-05-29,74998.0,Amazon
"Samsung Galaxy S23 5G Phanton Black , 128 GB",2023-06-14,74998.0,Amazon
"Samsung Galaxy S23 5G Phanton Black , 128 GB",2023-06-20,74998.0,Amazon
"Samsung Galaxy S23 5G Phanton Black , 128 GB",2023-06-30,74998.0,Amazon
"Samsung Galaxy S23 5G Phanton Black , 128 GB",2023-07-08,79999.0,Amazon
"Samsung Galaxy S23 5G Phanton Black , 128 GB",2023-07-08,74998.0,Amazon
"Samsung Galaxy S23 5G Phanton Black , 128 GB",2023-07-13,74998.0,Amazon
"Samsung Galaxy S23 5G Phanton Black , 128 GB",2023-07-16,74998.0,Amazon
"Samsung Galaxy S23 5G Phanton Black , 128 GB",2023-07-25,74998.0,Amazon
"Samsung Galaxy S23 5G Phanton Black , 128 GB",2023-07-29,74998.0,Amazon
"Samsung Galaxy S23 5G Phanton Black , 128 GB",2023-07-30,74998.0,Amazon
"Samsung Galaxy S23 5G Phanton Black , 128 GB",2023-08-01,74998.0,Amazon
"Samsung Galaxy S23 5G Phanton Black , 128 GB",2023-08-04,74998.0,Amazon
"Samsung Galaxy S23 5G Phanton Black , 128 GB",2023-08-11,74998.0,Amazon
"Samsung Galaxy S23 5G Phanton Black , 128 GB",2023-08-13,74998.0,Amazon
"Samsung Galaxy S23 5G Phanton Black , 128 GB",2023-08-16,74998.0,Amazon
"Samsung Galaxy S23 5G Phanton Black , 128 GB",2023-08-17,74998.0,Amazon
"Samsung Galaxy S23 5G Phanton Black , 128 GB",2023-08-19,74998.0,Amazon
"Samsung Galaxy S23 5G Phanton Black , 128 GB",2023-08-20,74998.0,Amazon
"Samsung Galaxy S23 5G Phanton Black , 128 GB",2023-08-22,74998.0,Amazon
"Samsung Galaxy S23 5G Phanton Black , 128 GB",2023-08-23,74998.0,Amazon
"Samsung Galaxy S23 5G Phanton Black , 128 GB",2023-08-24,74998.0,Amazon
"Samsung Galaxy S23 5G Phanton Black , 128 GB",2023-08-25,74998.0,Amazon
"Samsung Galaxy S23 5G Phanton Black , 128 GB",2023-08-27,74998.0,Amazon
"Samsung Galaxy S23 5G Phanton Black , 128 GB",2023-08-27,74998.0,Amazon
"Samsung Galaxy S23 5G Phanton Black , 128 GB",2023-08-29,74998.0,Amazon
"Samsung Galaxy S23 5G Phanton Black , 128 GB",2023-08-30,74998.0,Amazon
"Samsung Galaxy S23 5G Phanton Black , 128 GB",2023-08-31,74998.0,Amazon
"Samsung Galaxy S23 5G Phanton Black , 128 GB",2023-09-01,74998.0,Amazon
"Samsung Galaxy S23 5G Phanton Black , 128 GB",2023-09-02,74998.0,Amazon
"Samsung Galaxy S23 5G Phanton Black , 128 GB",2023-09-03,74998.0,Amazon
"Samsung Galaxy S23 5G Phanton Black , 128 GB",2023-09-04,74998.0,Amazon
"Samsung Galaxy S23 5G Phanton Black , 128 GB",2023-09-05,74998.0,Amazon
"Samsung Galaxy S23 5G Phanton Black , 128 GB",2023-09-06,74998.0,Amazon
"Samsung Galaxy S23 5G Phanton Black , 128 GB",2023-09-07,74998.0,Amazon
"Samsung Galaxy S23 5G Phanton Black , 128 GB",2023-09-08,74998.0,Amazon
"Samsung Galaxy S23 5G Phanton Black , 128 GB",2023-09-09,74998.0,Amazon
"Samsung Galaxy S23 5G Phanton Black , 128 GB",2023-09-10,74998.0,Amazon
"Samsung Galaxy S23 5G Phanton Black , 128 GB",2023-09-11,74998.0,Amazon
"Samsung Galaxy S23 5G Phanton Black , 128 GB",2023-09-12,74999.0,Amazon
"Samsung Galaxy S23 5G Phanton Black , 128 GB",2023-09-12,74999.0,Amazon
"Samsung Galaxy S23 5G Phanton Black , 128 GB",2023-09-13,74999.0,Amazon
"Samsung Galaxy S23 5G Phanton Black , 128 GB",2023-09-14,74999.0,Amazon
"Samsung Galaxy S23 5G Phanton Black , 128 GB",2023-09-15,74999.0,Amazon
"Samsung Galaxy S23 5G Phanton Black , 128 GB",2023-09-16,74999.0,Amazon
"Samsung Galaxy S23 5G Phanton Black , 128 GB",2023-09-17,74999.0,Amazon
"Samsung Galaxy S23 5G Phanton Black , 128 GB",2023-09-18,74999.0,Amazon
"Samsung Galaxy S23 5G Phanton Black , 128 GB",2023-09-19,74999.0,Amazon
"Samsung Galaxy S23 5G Phanton Black , 128 GB",2023-09-20,74999.0,Amazon
"Samsung Galaxy S23 5G Phanton Black , 128 GB",2023-09-21,74999.0,Amazon
"Samsung Galaxy S23 5G Phanton Black , 128 GB",2023-09-22,74999.0,Amazon
"Samsung Galaxy S23 5G Phanton Black , 128 GB",2023-09-23,74999.0,Amazon
"Samsung Galaxy S23 5G Phanton Black , 128 GB",2023-09-24,74999.0,Amazon
"Samsung Galaxy S23 5G Phanton Black , 128 GB",2023-09-25,74999.0,Amazon
"Samsung Galaxy S23 5G Phanton Black , 128 GB",2023-09-26,74999.0,Amazon
"Samsung Galaxy S23 5G Phanton Black , 128 GB",2023-09-27,74999.0,Amazon
"Samsung Galaxy S23 5G Phanton Black , 128 GB",2023-09-28,74999.0,Amazon
"Samsung Galaxy S23 5G Phanton Black , 128 GB",2023-09-29,63558.47,Amazon
"Samsung Galaxy S23 5G Phanton Black , 128 GB",2023-09-30,74999.0,Amazon
"Samsung Galaxy S23 5G Phanton Black , 128 GB",2023-09-30,74999.0,Amazon
"Samsung Galaxy S23 5G Phanton Black , 128 GB",2023-10-01,74999.0,Amazon
"Samsung Galaxy S23 5G Phanton Black , 128 GB",2023-10-02,74999.0,Amazon
"Samsung Galaxy S23 5G Phanton Black , 128 GB",2023-10-03,74999.0,Amazon
"Samsung Galaxy S23 5G Phanton Black , 128 GB",2023-10-04,74999.0,Amazon
"Samsung Galaxy S23 5G Phanton Black , 128 GB",2023-10-05,74999.0,Amazon
"Samsung Galaxy S23 5G Phanton Black , 128 GB",2023-10-06,74999.0,Amazon
"Samsung Galaxy S23 5G Phanton Black , 128 GB",2023-10-07,69999.0,Amazon
"Samsung Galaxy S23 5G Phanton Black , 128 GB",2023-10-07,74999.0,Amazon
"Samsung Galaxy S23 5G Phanton Black , 128 GB",2023-10-08,74999.0,Amazon
"Samsung Galaxy S23 5G Phanton Black , 128 GB",2023-10-09,74999.0,Amazon
"Samsung Galaxy S23 5G Phanton Black , 128 GB",2023-10-09,74999.0,Amazon
"Samsung Galaxy S23 5G Phanton Black , 128 GB",2023-10-10,74999.0,Amazon
"Samsung Galaxy S23 5G Phanton Black , 128 GB",2023-10-11,74999.0,Amazon
"Samsung Galaxy S23 5G Phanton Black , 128 GB",2023-10-12,74999.0,Amazon
"Samsung Galaxy S23 5G Phanton Black , 128 GB",2023-10-13,74999.0,Amazon
"Samsung Galaxy S23 5G Phanton Black , 128 GB",2024-01-05,69990.0,Amazon
"Samsung Galaxy S23 5G Phanton Black , 128 GB",2024-01-11,64999.0,Amazon
"Samsung Galaxy S23 5G Phanton Black , 128 GB",2024-01-13,62999.0,Amazon
"Samsung Galaxy S23 5G Phanton Black , 128 GB",2024-01-14,64999.0,Amazon
"Samsung Galaxy S23 5G Phanton Black , 128 GB",2024-01-20,63499.0,Amazon
"Samsung Galaxy S23 5G Phanton Black , 128 GB",2024-01-23,64999.0,Amazon
"Samsung Galaxy S23 5G Phanton Black , 128 GB",2024-02-06,62999.0,Amazon
"Samsung Galaxy S23 5G Phanton Black , 128 GB",2024-02-22,64999.0,Amazon
"Samsung Galaxy S23 5G Phanton Black , 128 GB",2024-03-02,61999.0,Amazon
"Samsung Galaxy S23 5G Phanton Black , 128 GB",2024-03-06,64999.0,Amazon
"Samsung Galaxy S23 5G Phanton Black , 128 GB",2024-04-03,63999.0,Amazon
"Samsung Galaxy S23 5G Phanton Black , 128 GB",2024-04-05,64999.0,Amazon
"Samsung Galaxy S23 5G Phanton Black , 128 GB",2024-04-06,64999.0,Amazon
"Samsung Galaxy S23 5G Phanton Black , 128 GB",2024-04-07,64999.0,Amazon
"Samsung Galaxy S23 5G Phanton Black , 128 GB",2024-04-08,64999.0,Amazon
"Samsung Galaxy S23 5G Phanton Black , 128 GB",2024-04-09,64999.0,Amazon
"Samsung Galaxy S23 5G Phanton Black , 128 GB",2024-04-10,64999.0,Amazon
"Samsung Galaxy S23 5G Phanton Black , 128 GB",2024-04-11,69999.0,Amazon
"Samsung Galaxy S23 5G Phanton Black , 128 GB",2024-04-17,64999.0,Amazon
"Samsung Galaxy S23 5G Phanton Black , 128 GB",2024-04-18,64999.0,Amazon
"Samsung Galaxy S23 5G Phanton Black , 128 GB",2024-04-19,64999.0,Amazon
"Samsung Galaxy S23 5G Phanton Black , 128 GB",2024-04-20,64999.0,Amazon
"Samsung Galaxy S23 5G Phanton Black , 128 GB",2024-04-21,64999.0,Amazon
"Samsung Galaxy S23 5G Phanton Black , 128 GB",2024-04-22,64999.0,Amazon
"Samsung Galaxy S23 5G Phanton Black , 128 GB",2024-04-23,64999.0,Amazon
"Samsung Galaxy S23 5G Phanton Black , 128 GB",2024-04-24,64999.0,Amazon
"Samsung Galaxy S23 5G Phanton Black , 128 GB",2024-04-25,64999.0,Amazon
"Samsung Galaxy S23 5G Phanton Black , 128 GB",2024-04-26,64999.0,Amazon
"Samsung Galaxy S23 5G Phanton Black , 128 GB",2024-04-27,64999.0,Amazon
"Samsung Galaxy S23 5G Phanton Black , 128 GB",2024-04-28,64999.0,Amazon
"Samsung Galaxy S23 5G Phanton Black , 128 GB",2024-04-29,55083.9,Amazon
"Samsung Galaxy S23 5G Phanton Black , 128 GB",2024-04-30,64999.0,Amazon
"Samsung Galaxy S23 5G Phanton Black , 128 GB",2024-05-01,64999.0,Amazon
"Samsung Galaxy S23 5G Phanton Black , 128 GB",2024-05-02,69999.0,Amazon
"Samsung Galaxy S23 5G Phanton Black , 128 GB",2024-05-04,64999.0,Amazon
"Samsung Galaxy S23 5G Phanton Black , 128 GB",2024-05-05,64999.0,Amazon
"Samsung Galaxy S23 5G Phanton Black , 128 GB",2024-05-06,64999.0,Amazon
"Samsung Galaxy S23 5G Phanton Black , 128 GB",2024-05-08,64999.0,Amazon
"Samsung Galaxy S23 5G Phanton Black , 128 GB",2024-06-16,69999.0,Amazon
"Samsung Galaxy S23 5G Phanton Black , 128 GB",2024-06-25,64999.0,Amazon
"Samsung Galaxy S23 5G Phanton Black , 128 GB",2024-06-28,64999.0,Amazon
"Samsung Galaxy S23 5G Phanton Black , 128 GB",2025-03-15,49999.0,Amazon
lenovo ideapad slim 5 13th gen intel core i5,2023-08-21,69990.0,Amazon
lenovo ideapad slim 5 13th gen intel core i5,2023-08-22,69990.0,Amazon
lenovo ideapad slim 5 13th gen intel core i5,2023-08-23,69990.0,Amazon
lenovo ideapad slim 5 13th gen intel core i5,2023-08-24,69990.0,Amazon
lenovo ideapad slim 5 13th gen intel core i5,2023-08-25,69990.0,Amazon
lenovo ideapad slim 5 13th gen intel core i5,2023-08-26,69990.0,Amazon
lenovo ideapad slim 5 13th gen intel core i5,2023-08-27,69990.0,Amazon
lenovo ideapad slim 5 13th gen intel core i5,2023-09-01,70990.0,Amazon
lenovo ideapad slim 5 13th gen intel core i5,2023-09-02,68990.0,Amazon
lenovo ideapad slim 5 13th gen intel core i5,2023-09-12,69990.0,Amazon
lenovo ideapad slim 5 13th gen intel core i5,2023-09-13,68990.0,Amazon
lenovo ideapad slim 5 13th gen intel core i5,2023-09-13,68990.0,Amazon
lenovo ideapad slim 5 13th gen intel core i5,2023-09-14,68990.0,Amazon
lenovo ideapad slim 5 13th gen intel core i5,2023-09-15,68990.0,Amazon
lenovo ideapad slim 5 13th gen intel core i5,2023-09-16,68990.0,Amazon
lenovo ideapad slim 5 13th gen intel core i5,2023-09-17,68990.0,Amazon
lenovo ideapad slim 5 13th gen intel core i5,2023-09-18,68990.0,Amazon
lenovo ideapad slim 5 13th gen intel core i5,2023-09-19,68990.0,Amazon
lenovo ideapad slim 5 13th gen intel core i5,2023-09-20,68990.0,Amazon
lenovo ideapad slim 5 13th gen intel core i5,2023-09-21,68990.0,Amazon
lenovo ideapad slim 5 13th gen intel core i5,2023-09-22,68990.0,Amazon
lenovo ideapad slim 5 13th gen intel core i5,2023-09-23,68990.0,Amazon
lenovo ideapad slim 5 13th gen intel core i5,2023-09-24,68990.0,Amazon
lenovo ideapad slim 5 13th gen intel core i5,2023-09-25,68990.0,Amazon
lenovo ideapad slim 5 13th gen intel core i5,2023-09-26,68990.0,Amazon
lenovo ideapad slim 5 13th gen intel core i5,2023-09-27,68990.0,Amazon
lenovo ideapad slim 5 13th gen intel core i5,2023-09-28,68990.0,Amazon
lenovo ideapad slim 5 13th gen intel core i5,2023-09-29,68990.0,Amazon
lenovo ideapad slim 5 13th gen intel core i5,2023-10-07,75990.0,Amazon
lenovo ideapad slim 5 13th gen intel core i5,2023-10-08,69990.0,Amazon
lenovo ideapad slim 5 13th gen intel core i5,2023-10-08,68990.0,Amazon
lenovo ideapad slim 5 13th gen intel core i5,2023-10-09,68990.0,Amazon
lenovo ideapad slim 5 13th gen intel core i5,2023-10-11,75990.0,Amazon
lenovo ideapad slim 5 13th gen intel core i5,2023-10-12,68990.0,Amazon
lenovo ideapad slim 5 13th gen intel core i5,2023-10-13,68990.0,Amazon
lenovo ideapad slim 5 13th gen intel core i5,2023-10-14,68990.0,Amazon
lenovo ideapad slim 5 13th gen intel core i5,2023-10-14,68990.0,Amazon
lenovo ideapad slim 5 13th gen intel core i5,2023-10-14,68990.0,Amazon
lenovo ideapad slim 5 13th gen intel core i5,2023-10-14,68990.0,Amazon
lenovo ideapad slim 5 13th gen intel core i5,2023-10-14,68990.0,Amazon
lenovo ideapad slim 5 13th gen intel core i5,2023-10-14,68990.0,Amazon
lenovo ideapad slim 5 13th gen intel core i5,2023-10-14,68990.0,Amazon
lenovo ideapad slim 5 13th gen intel core i5,2023-10-14,68990.0,Amazon
lenovo ideapad slim 5 13th gen intel core i5,2023-10-14,68990.0,Amazon
lenovo ideapad slim 5 13th gen intel core i5,2023-10-14,68990.0,Amazon
lenovo ideapad slim 5 13th gen intel core i5,2023-10-14,68990.0,Amazon
lenovo ideapad slim 5 13th gen intel core i5,2023-10-14,68990.0,Amazon
lenovo ideapad slim 5 13th gen intel core i5,2023-10-14,68990.0,Amazon
lenovo ideapad slim 5 13th gen intel core i5,2023-10-14,68990.0,Amazon
lenovo ideapad slim 5 13th gen intel core i5,2023-10-14,68990.0,Amazon
lenovo ideapad slim 5 13th gen intel core i5,2023-10-14,68990.0,Amazon
lenovo ideapad slim 5 13th gen intel core i5,2023-10-14,68990.0,Amazon
lenovo ideapad slim 5 13th gen intel core i5,2023-10-14,68990.0,Amazon
lenovo ideapad slim 5 13th gen intel core i5,2023-10-14,68990.0,Amazon
lenovo ideapad slim 5 13th gen intel core i5,2023-10-14,68990.0,Amazon
lenovo ideapad slim 5 13th gen intel core i5,2023-10-14,68990.0,Amazon
lenovo ideapad slim 5 13th gen intel core i5,2023-10-14,68990.0,Amazon
lenovo ideapad slim 5 13th gen intel core i5,2023-10-14,68990.0,Amazon
lenovo ideapad slim 5 13th gen intel core i5,2023-10-14,68990.0,Amazon
lenovo ideapad slim 5 13th gen intel core i5,2023-10-14,68990.0,Amazon
lenovo ideapad slim 5 13th gen intel core i5,2023-10-14,68990.0,Amazon
lenovo ideapad slim 5 13th gen intel core i5,2023-10-14,68990.0,Amazon
lenovo ideapad slim 5 13th gen intel core i5,2023-10-14,68990.0,Amazon
lenovo ideapad slim 5 13th gen intel core i5,2023-10-14,68990.0,Amazon
lenovo ideapad slim 5 13th gen intel core i5,2023-10-14,68990.0,Amazon
lenovo ideapad slim 5 13th gen intel core i5,2023-10-14,68990.0,Amazon
lenovo ideapad slim 5 13th gen intel core i5,2023-10-14,68990.0,Amazon
lenovo ideapad slim 5 13th gen intel core i5,2023-10-14,68990.0,Amazon
lenovo ideapad slim 5 13th gen intel core i5,2023-10-14,68990.0,Amazon
lenovo ideapad slim 5 13th gen intel core i5,2023-10-14,68990.0,Amazon
lenovo ideapad slim 5 13th gen intel core i5,2023-10-14,68990.0,Amazon
lenovo ideapad slim 5 13th gen intel core i5,2023-10-14,68990.0,Amazon
lenovo ideapad slim 5 13th gen intel core i5,2023-10-14,68990.0,Amazon
lenovo ideapad slim 5 13th gen intel core i5,2023-10-14,68990.0,Amazon
lenovo ideapad slim 5 13th gen intel core i5,2023-10-14,68990.0,Amazon
lenovo ideapad slim 5 13th gen intel core i5,2023-10-14,68990.0,Amazon
lenovo ideapad slim 5 13th gen intel core i5,2023-10-14,68990.0,Amazon
lenovo ideapad slim 5 13th gen intel core i5,2023-10-14,68990.0,Amazon
lenovo ideapad slim 5 13th gen intel core i5,2023-10-14,68990.0,Amazon
lenovo ideapad slim 5 13th gen intel core i5,2023-10-14,68990.0,Amazon
lenovo ideapad slim 5 13th gen intel core i5,2023-10-14,68990.0,Amazon
lenovo ideapad slim 5 13th gen intel core i5,2023-10-14,68990.0,Amazon
lenovo ideapad slim 5 13th gen intel core i5,2023-10-14,68990.0,Amazon
lenovo ideapad slim 5 13th gen intel core i5,2023-10-14,68990.0,Amazon
lenovo ideapad slim 5 13th gen intel core i5,2023-10-14,68990.0,Amazon
lenovo ideapad slim 5 13th gen intel core i5,2023-10-14,68990.0,Amazon
lenovo ideapad slim 5 13th gen intel core i5,2023-10-14,68990.0,Amazon
lenovo ideapad slim 5 13th gen intel core i5,2023-10-14,68990.0,Amazon
lenovo ideapad slim 5 13th gen intel core i5,2023-10-14,68990.0,Amazon
lenovo ideapad slim 5 13th gen intel core i5,2023-10-14,68990.0,Amazon
lenovo ideapad slim 5 13th gen intel core i5,2023-10-14,68990.0,Amazon
lenovo ideapad slim 5 13th gen intel core i5,2023-10-14,68990.0,Amazon
lenovo ideapad slim 5 13th gen intel core i5,2023-10-14,68990.0,Amazon
lenovo ideapad slim 5 13th gen intel core i5,2023-10-14,68990.0,Amazon
lenovo ideapad slim 5 13th gen intel core i5,2023-10-14,68990.0,Amazon
lenovo ideapad slim 5 13th gen intel core i5,2023-10-14,68990.0,Amazon
lenovo ideapad slim 5 13th gen intel core i5,2023-10-20,68790.0,Amazon
lenovo ideapad slim 5 13th gen intel core i5,2023-10-23,68990.0,Amazon
lenovo ideapad slim 5 13th gen intel core i5,2023-11-03,65990.0,Amazon
lenovo ideapad slim 5 13th gen intel core i5,2023-11-03,63990.0,Amazon
lenovo ideapad slim 5 13th gen intel core i5,2023-11-05,65990.0,Amazon
lenovo ideapad slim 5 13th gen intel core i5,2023-11-08,65690.0,Amazon
lenovo ideapad slim 5 13th gen intel core i5,2023-12-05,69490.0,Amazon
lenovo ideapad slim 5 13th gen intel core i5,2023-12-07,68990.0,Amazon
lenovo ideapad slim 5 13th gen intel core i5,2024-01-02,67190.0,Amazon
lenovo ideapad slim 5 13th gen intel core i5,2024-01-10,67190.0,Amazon
lenovo ideapad slim 5 13th gen intel core i5,2024-01-14,64990.0,Amazon
lenovo ideapad slim 5 13th gen intel core i5,2024-01-23,65190.0,Amazon
lenovo ideapad slim 5 13th gen intel core i5,2024-01-29,61500.0,Amazon
lenovo ideapad slim 5 13th gen intel core i5,2024-02-02,67190.0,Amazon
lenovo ideapad slim 5 13th gen intel core i5,2024-03-23,69190.0,Amazon
lenovo ideapad slim 5 13th gen intel core i5,2024-04-07,67190.0,Amazon
lenovo ideapad slim 5 13th gen intel core i5,2024-04-11,66190.0,Amazon
lenovo ideapad slim 5 13th gen intel core i5,2024-04-12,66190.0,Amazon
lenovo ideapad slim 5 13th gen intel core i5,2024-04-13,66190.0,Amazon
lenovo ideapad slim 5 13th gen intel core i5,2024-04-14,66190.0,Amazon
lenovo ideapad slim 5 13th gen intel core i5,2024-04-20,67190.0,Amazon
lenovo ideapad slim 5 13th gen intel core i5,2024-04-20,67190.0,Amazon
lenovo ideapad slim 5 13th gen intel core i5,2024-04-21,67190.0,Amazon
lenovo ideapad slim 5 13th gen intel core i5,2024-04-22,67190.0,Amazon
lenovo ideapad slim 5 13th gen intel core i5,2024-04-23,67190.0,Amazon
lenovo ideapad slim 5 13th gen intel core i5,2024-04-24,67190.0,Amazon
lenovo ideapad slim 5 13th gen intel core i5,2024-04-25,66690.0,Amazon
lenovo ideapad slim 5 13th gen intel core i5,2024-04-26,65690.0,Amazon
lenovo ideapad slim 5 13th gen intel core i5,2024-04-27,65690.0,Amazon
lenovo ideapad slim 5 13th gen intel core i5,2024-04-28,65690.0,Amazon
lenovo ideapad slim 5 13th gen intel core i5,2024-04-29,65690.0,Amazon
lenovo ideapad slim 5 13th gen intel core i5,2024-04-30,65690.0,Amazon
lenovo ideapad slim 5 13th gen intel core i5,2024-05-01,66990.0,Amazon
lenovo ideapad slim 5 13th gen intel core i5,2024-05-02,66990.0,Amazon
lenovo ideapad slim 5 13th gen intel core i5,2024-05-02,66990.0,Amazon
lenovo ideapad slim 5 13th gen intel core i5,2024-05-10,69190.0,Amazon
lenovo ideapad slim 5 13th gen intel core i5,2024-05-13,66990.0,Amazon
lenovo ideapad slim 5 13th gen intel core i5,2024-05-23,66900.0,Amazon
lenovo ideapad slim 5 13th gen intel core i5,2024-05-24,66990.0,Amazon
lenovo ideapad slim 5 13th gen intel core i5,2024-05-25,66949.0,Amazon
lenovo ideapad slim 5 13th gen intel core i5,2024-05-26,66949.0,Amazon
lenovo ideapad slim 5 13th gen intel core i5,2024-05-27,66949.0,Amazon
lenovo ideapad slim 5 13th gen intel core i5,2024-05-28,66990.0,Amazon
lenovo ideapad slim 5 13th gen intel core i5,2024-06-03,66900.0,Amazon
lenovo ideapad slim 5 13th gen intel core i5,2024-06-03,65990.0,Amazon
lenovo ideapad slim 5 13th gen intel core i5,2024-06-04,65999.0,Amazon
lenovo ideapad slim 5 13th gen intel core i5,2024-06-09,65990.0,Amazon
lenovo ideapad slim 5 13th gen intel core i5,2024-06-14,65900.0,Amazon
lenovo ideapad slim 5 13th gen intel core i5,2024-06-16,68990.0,Amazon
lenovo ideapad slim 5 13th gen intel core i5,2024-06-17,68000.0,Amazon
lenovo ideapad slim 5 13th gen intel core i5,2024-06-21,65990.0,Amazon
lenovo ideapad slim 5 13th gen intel core i5,2024-07-07,65989.0,Amazon
lenovo ideapad slim 5 13th gen intel core i5,2024-07-13,65990.0,Amazon
lenovo ideapad slim 5 13th gen intel core i5,2024-07-19,64990.0,Amazon
lenovo ideapad slim 5 13th gen intel core i5,2024-07-21,65990.0,Amazon
lenovo ideapad slim 5 13th gen intel core i5,2024-07-22,64990.0,Amazon
lenovo ideapad slim 5 13th gen intel core i5,2024-07-25,66490.0,Amazon
lenovo ideapad slim 5 13th gen intel core i5,2024-07-26,65990.0,Amazon
lenovo ideapad slim 5 13th gen intel core i5,2024-08-01,65989.0,Amazon
lenovo ideapad slim 5 13th gen intel core i5,2024-08-06,62490.0,Amazon
lenovo ideapad slim 5 13th gen intel core i5,2024-08-06,60990.0,Amazon
lenovo ideapad slim 5 13th gen intel core i5,2024-08-09,64990.0,Amazon
lenovo ideapad slim 5 13th gen intel core i5,2024-08-21,69999.0,Amazon
lenovo ideapad slim 5 13th gen intel core i5,2024-09-07,66490.0,Amazon
lenovo ideapad slim 5 13th gen intel core i5,2024-09-19,66300.0,Amazon
lenovo ideapad slim 5 13th gen intel core i5,2024-09-22,66390.0,Amazon
lenovo ideapad slim 5 13th gen intel core i5,2024-09-24,66300.0,Amazon
lenovo ideapad slim 5 13th gen intel core i5,2024-09-25,66050.0,Amazon
lenovo ideapad slim 5 13th gen intel core i5,2024-09-25,66390.0,Amazon
lenovo ideapad slim 5 13th gen intel core i5,2024-09-26,64890.0,Amazon
lenovo ideapad slim 5 13th gen intel core i5,2024-09-26,64990.0,Amazon
lenovo ideapad slim 5 13th gen intel core i5,2024-10-02,64890.0,Amazon
lenovo ideapad slim 5 13th gen intel core i5,2024-10-06,65190.0,Amazon
lenovo ideapad slim 5 13th gen intel core i5,2024-10-12,65090.0,Amazon
lenovo ideapad slim 5 13th gen intel core i5,2024-10-12,65190.0,Amazon
lenovo ideapad slim 5 13th gen intel core i5,2024-10-23,62690.0,Amazon
lenovo ideapad slim 5 13th gen intel core i5,2024-10-23,65099.0,Amazon
lenovo ideapad slim 5 13th gen intel core i5,2024-10-26,65090.0,Amazon
lenovo ideapad slim 5 13th gen intel core i5,2024-10-27,65190.0,Amazon
lenovo ideapad slim 5 13th gen intel core i5,2024-10-27,62690.0,Amazon
lenovo ideapad slim 5 13th gen intel core i5,2024-10-29,65190.0,Amazon
lenovo ideapad slim 5 13th gen intel core i5,2024-11-09,66490.0,Amazon
lenovo ideapad slim 5 13th gen intel core i5,2024-11-12,66690.0,Amazon
lenovo ideapad slim 5 13th gen intel core i5,2024-11-23,64690.0,Amazon
lenovo ideapad slim 5 13th gen intel core i5,2024-11-25,66690.0,Amazon
lenovo ideapad slim 5 13th gen intel core i5,2024-12-01,66590.0,Amazon
lenovo ideapad slim 5 13th gen intel core i5,2024-12-05,64690.0,Amazon
lenovo ideapad slim 5 13th gen intel core i5,2024-12-16,66590.0,Amazon
lenovo ideapad slim 5 13th gen intel core i5,2024-12-17,66290.0,Amazon
lenovo ideapad slim 5 13th gen intel core i5,2024-12-20,65990.0,Amazon
lenovo ideapad slim 5 13th gen intel core i5,2024-12-21,64690.0,Amazon
lenovo ideapad slim 5 13th gen intel core i5,2024-12-24,66290.0,Amazon
lenovo ideapad slim 5 13th gen intel core i5,2024-12-27,66000.0,Amazon
lenovo ideapad slim 5 13th gen intel core i5,2024-12-30,64690.0,Amazon
lenovo ideapad slim 5 13th gen intel core i5,2025-01-07,66490.0,Amazon
lenovo ideapad slim 5 13th gen intel core i5,2025-01-13,65490.0,Amazon
lenovo ideapad slim 5 13th gen intel core i5,2025-01-23,66490.0,Amazon
lenovo ideapad slim 5 13th gen intel core i5,2025-02-11,66690.0,Amazon
lenovo ideapad slim 5 13th gen intel core i5,2025-02-23,66490.0,Amazon
whirlpool 308 L3 star convertible frost free double door refrigerator,2024-12-13,33490.0,Amazon
whirlpool 308 L3 star convertible frost free double door refrigerator,2024-12-14,33490.0,Amazon
whirlpool 308 L3 star convertible frost free double door refrigerator,2024-12-15,33490.0,Amazon
whirlpool 308 L3 star convertible frost free double door refrigerator,2024-12-17,33490.0,Amazon
whirlpool 308 L3 star convertible frost free double door refrigerator,2024-12-18,33490.0,Amazon
whirlpool 308 L3 star convertible frost free double door refrigerator,2024-12-19,33490.0,Amazon
whirlpool 308 L3 star convertible frost free double door refrigerator,2024-12-20,33490.0,Amazon
whirlpool 308 L3 star convertible frost free double door refrigerator,2024-12-21,33490.0,Amazon
whirlpool 308 L3 star convertible frost free double door refrigerator,2025-01-05,33990.0,Amazon
whirlpool 308 L3 star convertible frost free double door refrigerator,2025-01-06,33990.0,Amazon
whirlpool 308 L3 star convertible frost free double door refrigerator,2025-01-07,33990.0,Amazon
whirlpool 308 L3 star convertible frost free double door refrigerator,2025-01-08,33990.0,Amazon
whirlpool 308 L3 star convertible frost free double door refrigerator,2025-01-09,33990.0,Amazon
whirlpool 308 L3 star convertible frost free double door refrigerator,2025-01-10,33990.0,Amazon
whirlpool 308 L3 star convertible frost free double door refrigerator,2025-01-11,33990.0,Amazon
whirlpool 308 L3 star convertible frost free double door refrigerator,2025-01-12,33490.0,Amazon
whirlpool 308 L3 star convertible frost free double door refrigerator,2025-01-13,33490.0,Amazon
whirlpool 308 L3 star convertible frost free double door refrigerator,2025-01-14,33490.0,Amazon
whirlpool 308 L3 star convertible frost free double door refrigerator,2025-01-18,33990.0,Amazon
whirlpool 308 L3 star convertible frost free double door refrigerator,2025-01-20,33490.0,Amazon
whirlpool 308 L3 star convertible frost free double door refrigerator,2025-01-28,33490.0,Amazon
whirlpool 308 L3 star convertible frost free double door refrigerator,2025-02-01,33490.0,Amazon
whirlpool 308 L3 star convertible frost free double door refrigerator,2025-02-06,33490.0,Amazon
whirlpool 308 L3 star convertible frost free double door refrigerator,2025-02-19,33990.0,Amazon
whirlpool 308 L3 star convertible frost free double door refrigerator,2025-02-20,36490.0,Amazon
whirlpool 308 L3 star convertible frost free double door refrigerator,2025-02-24,33990.0,Amazon
whirlpool 308 L3 star convertible frost free double door refrigerator,2025-02-25,33990.0,Amazon
whirlpool 308 L3 star convertible frost free double door refrigerator,2025-02-26,33990.0,Amazon
whirlpool 308 L3 star convertible frost free double door refrigerator,2025-02-27,33990.0,Amazon
whirlpool 308 L3 star convertible frost free double door refrigerator,2025-02-28,32990.0,Amazon
whirlpool 308 L3 star convertible frost free double door refrigerator,2025-03-01,32990.0,Amazon
whirlpool 308 L3 star convertible frost free double door refrigerator,2025-03-02,32990.0,Amazon
whirlpool 308 L3 star convertible frost free double door refrigerator,2025-03-03,32990.0,Amazon
whirlpool 308 L3 star convertible frost free double door refrigerator,2025-03-04,32990.0,Amazon
whirlpool 308 L3 star convertible frost free double door refrigerator,2025-03-05,32990.0,Amazon
whirlpool 308 L3 star convertible frost free double door refrigerator,2025-03-06,32990.0,Amazon
whirlpool 308 L3 star convertible frost free double door refrigerator,2025-03-07,32990.0,Amazon
whirlpool 308 L3 star convertible frost free double door refrigerator,2025-03-08,32990.0,Amazon
whirlpool 308 L3 star convertible frost free double door refrigerator,2025-03-08,35000.0,Amazon
Usha Air Ultra Air 400MM Table fan,2023-05-08,1999.0,Amazon
Usha Air Ultra Air 400MM Table fan,2023-05-09,1999.0,Amazon
Usha Air Ultra Air 400MM Table fan,2023-05-10,1999.0,Amazon
Usha Air Ultra Air 400MM Table fan,2023-05-11,1999.0,Amazon
Usha Air Ultra Air 400MM Table fan,2023-05-12,1999.0,Amazon
Usha Air Ultra Air 400MM Table fan,2023-05-13,1999.0,Amazon
Usha Air Ultra Air 400MM Table fan,2023-05-14,1999.0,Amazon
Usha Air Ultra Air 400MM Table fan,2023-05-15,1999.0,Amazon
Usha Air Ultra Air 400MM Table fan,2023-05-17,2132.0,Amazon
Usha Air Ultra Air 400MM Table fan,2023-05-19,2132.0,Amazon
Usha Air Ultra Air 400MM Table fan,2023-05-20,1999.0,Amazon
Usha Air Ultra Air 400MM Table fan,2023-05-21,1999.0,Amazon
Usha Air Ultra Air 400MM Table fan,2023-05-25,1999.0,Amazon
Usha Air Ultra Air 400MM Table fan,2023-05-28,1999.0,Amazon
Usha Air Ultra Air 400MM Table fan,2023-05-30,1999.0,Amazon
Usha Air Ultra Air 400MM Table fan,2023-05-31,1999.0,Amazon
Usha Air Ultra Air 400MM Table fan,2023-06-05,1999.0,Amazon
Usha Air Ultra Air 400MM Table fan,2023-06-06,1869.0,Amazon
Usha Air Ultra Air 400MM Table fan,2023-06-07,1999.0,Amazon
Usha Air Ultra Air 400MM Table fan,2023-06-08,1799.0,Amazon
Usha Air Ultra Air 400MM Table fan,2023-06-09,1738.0,Amazon
Usha Air Ultra Air 400MM Table fan,2023-06-10,1999.0,Amazon
Usha Air Ultra Air 400MM Table fan,2023-06-10,1699.0,Amazon
Usha Air Ultra Air 400MM Table fan,2023-06-11,1999.0,Amazon
Usha Air Ultra Air 400MM Table fan,2023-06-11,1699.0,Amazon
Usha Air Ultra Air 400MM Table fan,2023-06-12,1999.0,Amazon
Usha Air Ultra Air 400MM Table fan,2023-06-13,1999.0,Amazon
Usha Air Ultra Air 400MM Table fan,2023-06-14,2099.0,Amazon
Usha Air Ultra Air 400MM Table fan,2023-06-15,2099.0,Amazon
Usha Air Ultra Air 400MM Table fan,2023-06-17,2099.0,Amazon
Usha Air Ultra Air 400MM Table fan,2023-06-18,2099.0,Amazon
Usha Air Ultra Air 400MM Table fan,2023-06-19,2099.0,Amazon
Usha Air Ultra Air 400MM Table fan,2023-06-20,2099.0,Amazon
Usha Air Ultra Air 400MM Table fan,2023-06-21,2099.0,Amazon
Usha Air Ultra Air 400MM Table fan,2023-06-23,1899.0,Amazon
Usha Air Ultra Air 400MM Table fan,2023-06-24,1899.0,Amazon
Usha Air Ultra Air 400MM Table fan,2023-06-25,1899.0,Amazon
Usha Air Ultra Air 400MM Table fan,2023-06-26,2099.0,Amazon
Usha Air Ultra Air 400MM Table fan,2023-06-26,1899.0,Amazon
Usha Air Ultra Air 400MM Table fan,2023-06-26,2099.0,Amazon
Usha Air Ultra Air 400MM Table fan,2023-06-26,1899.0,Amazon
Usha Air Ultra Air 400MM Table fan,2023-06-27,1899.0,Amazon
Usha Air Ultra Air 400MM Table fan,2023-06-27,1499.0,Amazon
Usha Air Ultra Air 400MM Table fan,2023-06-28,1899.0,Amazon
Usha Air Ultra Air 400MM Table fan,2023-06-29,1899.0,Amazon
Usha Air Ultra Air 400MM Table fan,2023-06-30,1599.0,Amazon
Usha Air Ultra Air 400MM Table fan,2023-06-30,2099.0,Amazon
Usha Air Ultra Air 400MM Table fan,2023-07-01,1899.0,Amazon
Usha Air Ultra Air 400MM Table fan,2023-07-02,1899.0,Amazon
Usha Air Ultra Air 400MM Table fan,2023-07-03,1899.0,Amazon
Usha Air Ultra Air 400MM Table fan,2023-07-03,1869.0,Amazon
Usha Air Ultra Air 400MM Table fan,2023-07-03,1699.0,Amazon
Usha Air Ultra Air 400MM Table fan,2023-07-04,1899.0,Amazon
Usha Air Ultra Air 400MM Table fan,2023-07-04,2099.0,Amazon
Usha Air Ultra Air 400MM Table fan,2023-07-05,1899.0,Amazon
Usha Air Ultra Air 400MM Table fan,2023-07-06,1899.0,Amazon
Usha Air Ultra Air 400MM Table fan,2023-07-07,1899.0,Amazon
Usha Air Ultra Air 400MM Table fan,2023-07-08,1899.0,Amazon
Usha Air Ultra Air 400MM Table fan,2023-07-09,2099.0,Amazon
Usha Air Ultra Air 400MM Table fan,2023-07-10,2099.0,Amazon
Usha Air Ultra Air 400MM Table fan,2023-07-11,2099.0,Amazon
Usha Air Ultra Air 400MM Table fan,2023-07-12,2099.0,Amazon
Usha Air Ultra Air 400MM Table fan,2023-07-13,2099.0,Amazon
Usha Air Ultra Air 400MM Table fan,2023-07-14,2099.0,Amazon
Usha Air Ultra Air 400MM Table fan,2023-07-15,1799.0,Amazon
Usha Air Ultra Air 400MM Table fan,2023-07-15,2099.0,Amazon
Usha Air Ultra Air 400MM Table fan,2023-07-15,1799.0,Amazon
Usha Air Ultra Air 400MM Table fan,2023-07-15,2099.0,Amazon
Usha Air Ultra Air 400MM Table fan,2023-07-15,1799.0,Amazon
Usha Air Ultra Air 400MM Table fan,2023-07-16,2099.0,Amazon
Usha Air Ultra Air 400MM Table fan,2023-07-16,1799.0,Amazon
Usha Air Ultra Air 400MM Table fan,2023-07-17,1599.0,Amazon
Usha Air Ultra Air 400MM Table fan,2023-07-17,1799.0,Amazon
Usha Air Ultra Air 400MM Table fan,2023-07-18,1899.0,Amazon
Usha Air Ultra Air 400MM Table fan,2023-07-19,1899.0,Amazon
Usha Air Ultra Air 400MM Table fan,2023-07-20,1699.0,Amazon
Usha Air Ultra Air 400MM Table fan,2023-07-20,2099.0,Amazon
Usha Air Ultra Air 400MM Table fan,2023-07-20,2098.99,Amazon
Usha Air Ultra Air 400MM Table fan,2023-07-21,2026.71,Amazon
Usha Air Ultra Air 400MM Table fan,2023-07-22,1599.0,Amazon
Usha Air Ultra Air 400MM Table fan,2023-07-23,2016.56,Amazon
Usha Air Ultra Air 400MM Table fan,2023-07-24,2015.12,Amazon
Usha Air Ultra Air 400MM Table fan,2023-07-25,2013.83,Amazon
Usha Air Ultra Air 400MM Table fan,2023-07-25,2099.0,Amazon
Usha Air Ultra Air 400MM Table fan,2023-07-26,2099.0,Amazon
Usha Air Ultra Air 400MM Table fan,2023-07-28,2099.0,Amazon
Usha Air Ultra Air 400MM Table fan,2023-07-29,2099.0,Amazon
Usha Air Ultra Air 400MM Table fan,2023-08-03,1799.0,Amazon
Usha Air Ultra Air 400MM Table fan,2023-08-04,1799.0,Amazon
Usha Air Ultra Air 400MM Table fan,2023-08-06,1799.0,Amazon
Usha Air Ultra Air 400MM Table fan,2023-08-06,1899.0,Amazon
Usha Air Ultra Air 400MM Table fan,2023-08-06,1799.0,Amazon
Usha Air Ultra Air 400MM Table fan,2023-08-06,1899.0,Amazon
Usha Air Ultra Air 400MM Table fan,2023-08-08,1874.07,Amazon
Usha Air Ultra Air 400MM Table fan,2023-08-08,1899.0,Amazon
Usha Air Ultra Air 400MM Table fan,2023-08-09,2099.0,Amazon
Usha Air Ultra Air 400MM Table fan,2023-08-10,2099.0,Amazon
Usha Air Ultra Air 400MM Table fan,2023-08-11,1799.0,Amazon
Usha Air Ultra Air 400MM Table fan,2023-08-13,1799.0,Amazon
Usha Air Ultra Air 400MM Table fan,2023-08-14,1799.0,Amazon
Usha Air Ultra Air 400MM Table fan,2023-08-15,2099.0,Amazon
Usha Air Ultra Air 400MM Table fan,2023-08-16,2099.0,Amazon
Usha Air Ultra Air 400MM Table fan,2023-08-17,2099.0,Amazon
Usha Air Ultra Air 400MM Table fan,2023-08-18,2099.0,Amazon
Usha Air Ultra Air 400MM Table fan,2023-08-19,2099.0,Amazon
Usha Air Ultra Air 400MM Table fan,2023-08-20,2099.0,Amazon
Usha Air Ultra Air 400MM Table fan,2023-08-22,2099.0,Amazon
Usha Air Ultra Air 400MM Table fan,2023-08-23,2099.0,Amazon
Usha Air Ultra Air 400MM Table fan,2023-08-24,2099.0,Amazon
Usha Air Ultra Air 400MM Table fan,2023-08-25,2099.0,Amazon
Usha Air Ultra Air 400MM Table fan,2023-08-26,2099.0,Amazon
Usha Air Ultra Air 400MM Table fan,2023-08-28,2099.0,Amazon
Usha Air Ultra Air 400MM Table fan,2023-08-29,2099.0,Amazon
Usha Air Ultra Air 400MM Table fan,2023-08-30,2099.0,Amazon
Usha Air Ultra Air 400MM Table fan,2023-08-31,2099.0,Amazon
Usha Air Ultra Air 400MM Table fan,2023-09-01,1799.0,Amazon
Usha Air Ultra Air 400MM Table fan,2023-09-02,1799.0,Amazon
Usha Air Ultra Air 400MM Table fan,2023-09-04,2099.0,Amazon
Usha Air Ultra Air 400MM Table fan,2023-09-05,1799.0,Amazon
Usha Air Ultra Air 400MM Table fan,2023-09-05,1799.0,Amazon
Usha Air Ultra Air 400MM Table fan,2023-09-06,1799.0,Amazon
Usha Air Ultra Air 400MM Table fan,2023-09-07,1799.0,Amazon
Usha Air Ultra Air 400MM Table fan,2023-09-08,1799.0,Amazon
Usha Air Ultra Air 400MM Table fan,2023-09-09,2099.0,Amazon
Usha Air Ultra Air 400MM Table fan,2023-09-10,2099.0,Amazon
Usha Air Ultra Air 400MM Table fan,2023-09-11,2099.0,Amazon
Usha Air Ultra Air 400MM Table fan,2023-09-12,1778.81,Amazon
Usha Air Ultra Air 400MM Table fan,2023-09-13,2099.0,Amazon
Usha Air Ultra Air 400MM Table fan,2023-09-14,2099.0,Amazon
Usha Air Ultra Air 400MM Table fan,2023-09-15,2099.0,Amazon
Usha Air Ultra Air 400MM Table fan,2023-09-16,2099.0,Amazon
Usha Air Ultra Air 400MM Table fan,2023-09-17,2099.0,Amazon
Usha Air Ultra Air 400MM Table fan,2023-09-18,2099.0,Amazon
Usha Air Ultra Air 400MM Table fan,2023-09-19,2099.0,Amazon
Usha Air Ultra Air 400MM Table fan,2023-09-20,1778.81,Amazon
Usha Air Ultra Air 400MM Table fan,2023-09-21,2099.0,Amazon
Usha Air Ultra Air 400MM Table fan,2023-09-22,2099.0,Amazon
Usha Air Ultra Air 400MM Table fan,2023-09-23,2099.0,Amazon
Usha Air Ultra Air 400MM Table fan,2023-09-24,2099.0,Amazon
Usha Air Ultra Air 400MM Table fan,2023-09-25,2099.0,Amazon
Usha Air Ultra Air 400MM Table fan,2023-09-26,2099.0,Amazon
Usha Air Ultra Air 400MM Table fan,2023-09-27,2099.0,Amazon
Usha Air Ultra Air 400MM Table fan,2023-09-28,2099.0,Amazon
Usha Air Ultra Air 400MM Table fan,2023-09-29,2099.0,Amazon
Usha Air Ultra Air 400MM Table fan,2023-09-30,1584.0,Amazon
Usha Air Ultra Air 400MM Table fan,2023-09-30,2099.0,Amazon
Usha Air Ultra Air 400MM Table fan,2023-10-01,1699.0,Amazon
Usha Air Ultra Air 400MM Table fan,2023-10-01,1699.0,Amazon
Usha Air Ultra Air 400MM Table fan,2023-10-02,1699.0,Amazon
Usha Air Ultra Air 400MM Table fan,2023-10-03,1699.0,Amazon
Usha Air Ultra Air 400MM Table fan,2023-10-04,1699.0,Amazon
Usha Air Ultra Air 400MM Table fan,2023-10-05,1699.0,Amazon
Usha Air Ultra Air 400MM Table fan,2023-10-06,1699.0,Amazon
Usha Air Ultra Air 400MM Table fan,2023-10-07,1699.0,Amazon
Usha Air Ultra Air 400MM Table fan,2023-10-08,1599.0,Amazon
Usha Air Ultra Air 400MM Table fan,2023-10-09,1699.0,Amazon
Usha Air Ultra Air 400MM Table fan,2023-10-09,1698.0,Amazon
Usha Air Ultra Air 400MM Table fan,2023-10-09,1801.0,Amazon
Usha Air Ultra Air 400MM Table fan,2023-10-10,1698.0,Amazon
Usha Air Ultra Air 400MM Table fan,2023-10-10,1698.0,Amazon
Usha Air Ultra Air 400MM Table fan,2023-10-11,1698.0,Amazon
Usha Air Ultra Air 400MM Table fan,2023-10-12,1698.0,Amazon
Usha Air Ultra Air 400MM Table fan,2023-10-13,1698.0,Amazon
Usha Air Ultra Air 400MM Table fan,2023-10-14,1699.0,Amazon
Usha Air Ultra Air 400MM Table fan,2023-11-05,1849.0,Amazon
Usha Air Ultra Air 400MM Table fan,2023-11-15,1999.0,Amazon
Usha Air Ultra Air 400MM Table fan,2023-12-06,1925.0,Amazon
Usha Air Ultra Air 400MM Table fan,2023-12-07,1999.0,Amazon
Usha Air Ultra Air 400MM Table fan,2023-12-08,1999.0,Amazon
Usha Air Ultra Air 400MM Table fan,2023-12-09,1999.0,Amazon
Usha Air Ultra Air 400MM Table fan,2023-12-10,1999.0,Amazon
Usha Air Ultra Air 400MM Table fan,2023-12-11,1999.0,Amazon
Usha Air Ultra Air 400MM Table fan,2023-12-12,1999.0,Amazon
Usha Air Ultra Air 400MM Table fan,2023-12-13,1999.0,Amazon
Usha Air Ultra Air 400MM Table fan,2023-12-14,1999.0,Amazon
Usha Air Ultra Air 400MM Table fan,2023-12-15,1999.0,Amazon
Usha Air Ultra Air 400MM Table fan,2023-12-16,1999.0,Amazon
Usha Air Ultra Air 400MM Table fan,2023-12-17,1999.0,Amazon
Usha Air Ultra Air 400MM Table fan,2023-12-18,1999.0,Amazon
Usha Air Ultra Air 400MM Table fan,2023-12-19,1999.0,Amazon
Usha Air Ultra Air 400MM Table fan,2023-12-20,1999.0,Amazon
Usha Air Ultra Air 400MM Table fan,2023-12-21,1999.0,Amazon
Usha Air Ultra Air 400MM Table fan,2023-12-22,1999.0,Amazon
Usha Air Ultra Air 400MM Table fan,2023-12-23,1999.0,Amazon
Usha Air Ultra Air 400MM Table fan,2023-12-24,1999.0,Amazon
Usha Air Ultra Air 400MM Table fan,2023-12-25,1999.0,Amazon
Usha Air Ultra Air 400MM Table fan,2023-12-26,1999.0,Amazon
Usha Air Ultra Air 400MM Table fan,2023-12-27,1999.0,Amazon
Usha Air Ultra Air 400MM Table fan,2023-12-28,1999.0,Amazon
Usha Air Ultra Air 400MM Table fan,2023-12-29,1999.0,Amazon
Usha Air Ultra Air 400MM Table fan,2023-12-30,1999.0,Amazon
Usha Air Ultra Air 400MM Table fan,2023-12-31,1999.0,Amazon
Usha Air Ultra Air 400MM Table fan,2024-01-01,1999.0,Amazon
Usha Air Ultra Air 400MM Table fan,2024-01-02,1999.0,Amazon
Usha Air Ultra Air 400MM Table fan,2024-01-03,1999.0,Amazon
Usha Air Ultra Air 400MM Table fan,2024-01-04,1999.0,Amazon
Usha Air Ultra Air 400MM Table fan,2024-01-05,1999.0,Amazon
Usha Air Ultra Air 400MM Table fan,2024-01-06,1999.0,Amazon
Usha Air Ultra Air 400MM Table fan,2024-01-07,1999.0,Amazon
Usha Air Ultra Air 400MM Table fan,2024-01-08,1999.0,Amazon
Usha Air Ultra Air 400MM Table fan,2024-01-09,2774.0,Amazon
Usha Air Ultra Air 400MM Table fan,2024-01-14,1799.0,Amazon
Usha Air Ultra Air 400MM Table fan,2024-01-19,1999.0,Amazon
Usha Air Ultra Air 400MM Table fan,2024-01-20,1999.0,Amazon
Usha Air Ultra Air 400MM Table fan,2024-01-21,1999.0,Amazon
Usha Air Ultra Air 400MM Table fan,2024-01-22,1999.0,Amazon
Usha Air Ultra Air 400MM Table fan,2024-01-23,1999.0,Amazon
Usha Air Ultra Air 400MM Table fan,2024-01-24,1999.0,Amazon
Usha Air Ultra Air 400MM Table fan,2024-01-27,1899.0,Amazon
Usha Air Ultra Air 400MM Table fan,2024-02-07,1959.0,Amazon
Usha Air Ultra Air 400MM Table fan,2024-02-16,1999.0,Amazon
Usha Air Ultra Air 400MM Table fan,2024-02-17,1899.0,Amazon
Usha Air Ultra Air 400MM Table fan,2024-03-02,2429.0,Amazon
Usha Air Ultra Air 400MM Table fan,2024-03-24,1999.0,Amazon
Usha Air Ultra Air 400MM Table fan,2024-03-24,1999.0,Amazon
Usha Air Ultra Air 400MM Table fan,2024-03-25,1999.0,Amazon
Usha Air Ultra Air 400MM Table fan,2024-03-26,1899.0,Amazon
Usha Air Ultra Air 400MM Table fan,2024-03-27,1899.0,Amazon
Usha Air Ultra Air 400MM Table fan,2024-03-28,1899.0,Amazon
Usha Air Ultra Air 400MM Table fan,2024-03-29,1999.0,Amazon
Usha Air Ultra Air 400MM Table fan,2024-03-30,1999.0,Amazon
Usha Air Ultra Air 400MM Table fan,2024-03-31,1999.0,Amazon
Usha Air Ultra Air 400MM Table fan,2024-04-01,1999.0,Amazon
Usha Air Ultra Air 400MM Table fan,2024-04-02,1999.0,Amazon
Usha Air Ultra Air 400MM Table fan,2024-04-03,1999.0,Amazon
Usha Air Ultra Air 400MM Table fan,2024-04-04,1999.0,Amazon
Usha Air Ultra Air 400MM Table fan,2024-04-05,1999.0,Amazon
Usha Air Ultra Air 400MM Table fan,2024-04-06,1999.0,Amazon
Usha Air Ultra Air 400MM Table fan,2024-04-07,1999.0,Amazon
Usha Air Ultra Air 400MM Table fan,2024-04-08,1999.0,Amazon
Usha Air Ultra Air 400MM Table fan,2024-04-09,2429.0,Amazon
Usha Air Ultra Air 400MM Table fan,2024-04-10,1999.0,Amazon
Usha Air Ultra Air 400MM Table fan,2024-04-11,1999.0,Amazon
Usha Air Ultra Air 400MM Table fan,2024-04-12,1999.0,Amazon
Usha Air Ultra Air 400MM Table fan,2024-04-13,1999.0,Amazon
Usha Air Ultra Air 400MM Table fan,2024-04-14,1999.0,Amazon
Usha Air Ultra Air 400MM Table fan,2024-04-15,1999.0,Amazon
Usha Air Ultra Air 400MM Table fan,2024-04-16,1999.0,Amazon
Usha Air Ultra Air 400MM Table fan,2024-04-17,1999.0,Amazon
Usha Air Ultra Air 400MM Table fan,2024-04-18,1999.0,Amazon
Usha Air Ultra Air 400MM Table fan,2024-04-19,1999.0,Amazon
Usha Air Ultra Air 400MM Table fan,2024-04-20,1999.0,Amazon
Usha Air Ultra Air 400MM Table fan,2024-04-23,1999.0,Amazon
Usha Air Ultra Air 400MM Table fan,2024-06-12,1949.0,Amazon
Usha Air Ultra Air 400MM Table fan,2024-06-14,2149.0,Amazon
Usha Air Ultra Air 400MM Table fan,2024-06-14,2099.0,Amazon
Usha Air Ultra Air 400MM Table fan,2024-06-21,2149.0,Amazon
Usha Air Ultra Air 400MM Table fan,2024-06-26,2080.0,Amazon
Usha Air Ultra Air 400MM Table fan,2024-06-27,2149.0,Amazon
Usha Air Ultra Air 400MM Table fan,2024-06-28,2149.0,Amazon
Usha Air Ultra Air 400MM Table fan,2024-06-29,2149.0,Amazon
Usha Air Ultra Air 400MM Table fan,2024-06-30,2149.0,Amazon
Usha Air Ultra Air 400MM Table fan,2024-07-02,2080.0,Amazon
Usha Air Ultra Air 400MM Table fan,2024-07-20,1949.0,Amazon
Usha Air Ultra Air 400MM Table fan,2024-07-20,2080.0,Amazon
Usha Air Ultra Air 400MM Table fan,2024-07-21,2300.0,Amazon
Usha Air Ultra Air 400MM Table fan,2024-07-21,1949.0,Amazon
Usha Air Ultra Air 400MM Table fan,2024-07-21,2300.0,Amazon
Usha Air Ultra Air 400MM Table fan,2024-07-22,1979.0,Amazon
Usha Air Ultra Air 400MM Table fan,2024-07-26,2149.0,Amazon
Usha Air Ultra Air 400MM Table fan,2024-08-06,1899.0,Amazon
Usha Air Ultra Air 400MM Table fan,2024-08-13,1979.0,Amazon
Usha Air Ultra Air 400MM Table fan,2024-08-14,2149.0,Amazon
Usha Air Ultra Air 400MM Table fan,2024-08-22,2099.0,Amazon
Usha Air Ultra Air 400MM Table fan,2024-08-27,2049.0,Amazon
Usha Air Ultra Air 400MM Table fan,2024-09-10,2149.0,Amazon
Usha Air Ultra Air 400MM Table fan,2024-09-20,2599.0,Amazon
Usha Air Ultra Air 400MM Table fan,2024-09-22,2650.0,Amazon
Usha Air Ultra Air 400MM Table fan,2024-09-26,1818.0,Amazon
Usha Air Ultra Air 400MM Table fan,2024-09-26,1699.0,Amazon
Usha Air Ultra Air 400MM Table fan,2024-09-26,1818.0,Amazon
Usha Air Ultra Air 400MM Table fan,2024-09-27,1699.0,Amazon
Usha Air Ultra Air 400MM Table fan,2024-09-29,1698.0,Amazon
Usha Air Ultra Air 400MM Table fan,2024-10-01,2799.0,Amazon
Usha Air Ultra Air 400MM Table fan,2024-10-01,1698.0,Amazon
Usha Air Ultra Air 400MM Table fan,2024-10-04,1799.0,Amazon
Usha Air Ultra Air 400MM Table fan,2024-10-19,1699.0,Amazon
Usha Air Ultra Air 400MM Table fan,2024-11-07,2149.0,Amazon
Usha Air Ultra Air 400MM Table fan,2025-01-13,1849.0,Amazon
Usha Air Ultra Air 400MM Table fan,2025-01-25,2149.0,Amazon
Usha Air Ultra Air 400MM Table fan,2025-02-01,2583.0,Amazon
Usha Air Ultra Air 400MM Table fan,2025-02-01,2149.0,Amazon
Usha Air Ultra Air 400MM Table fan,2025-02-06,2249.0,Amazon
Usha Air Ultra Air 400MM Table fan,2025-02-11,1999.0,Amazon
Usha Air Ultra Air 400MM Table fan,2025-03-09,2199.0,Amazon
Usha Air Ultra Air 400MM Table fan,2025-03-11,1949.0,Amazon
Usha Air Ultra Air 400MM Table fan,2025-03-14,1852.0,Amazon
