Source,Product Name,Rating,Review
Flipkart,"ZEBRONICS Zeb-Pods K2, Upto 40H Backup, Dual EQ Mode,Quad Mic ENC, 40ms Low Latency Gaming Bluetooth without Mic",4.3,Better for music purpose not for calling
Flipkart,"ZEBRONICS Zeb-Pods K2, Upto 40H Backup, Dual EQ Mode,Quad Mic ENC, 40ms Low Latency Gaming Bluetooth without Mic",4.3,It's amazing voice quality and valuable also
Flipkart,"ZEBRONICS Zeb-Pods K2, Upto 40H Backup, Dual EQ Mode,Quad Mic ENC, 40ms Low Latency Gaming Bluetooth without Mic",4.3,Nice
Flipkart,"ZEBRONICS Zeb-Pods K2, Upto 40H Backup, Dual EQ Mode,Quad Mic ENC, 40ms Low Latency Gaming Bluetooth without Mic",4.3,Voice isollation is not good
Amazon ,Oneplus Bullets Z2 Bluetooth Wireless in Ear Earphones with Mic,4.1,"Good looking, giid quality product. Charges fast and lasts long. Works decent even on lower volume levels although voice quality could be a little softer. The bluetooth range is a bit of an issue as if one moves from one room to another the sound turns robotic for the listener. Overall satisfied with the product."
Amazon ,Oneplus Bullets Z2 Bluetooth Wireless in Ear Earphones with Mic,4.1,"Very good product, highly recommend"
Amazon ,Oneplus Bullets Z2 Bluetooth Wireless in Ear Earphones with Mic,4.1,"Good quality, little bigger the end of the neck band because of a bigger battery. Sound and noise cancelation better than previous model. Ear tips smaller and lighter, for me hold really good even running, better bass and treble."
Amazon ,Oneplus Bullets Z2 Bluetooth Wireless in Ear Earphones with Mic,4.1,"Bought these for the 2-3 hours a week I am at the gym and the battery life is good. The fit is good and the design is nice in my opinion, very slim and light weight."
Amazon ,"Elgato Wave:3, Premium USB Condenser Microphone and Digital Mixing Solution, Anti-Clipping Technology, Capacitive Mute, Strea",4.7,It is very good and everything is good in it 
Amazon ,"Elgato Wave:3, Premium USB Condenser Microphone and Digital Mixing Solution, Anti-Clipping Technology, Capacitive Mute, Strea",4.7,"after reserching for about 6 months I decided to buy this over AT2020, it is offering more than any other mic out there in 2023 also for begnniers I think it is a safe option."
Amazon ,"Elgato Wave:3, Premium USB Condenser Microphone and Digital Mixing Solution, Anti-Clipping Technology, Capacitive Mute, Strea",4.7,"The audio quality for recording, streaming, video calls over skype and discord are amazing. there is noise cancelling available via software but no build in noise cancelling. With that being said. you don't need the software to run this microphone. This can function really well even as a simple plug and play device. Has a really nice mute button, gain control on the microphone is a feature that all mic manufacturers should look into and implement. Overall my experience with this mic is excellent. I mean for 15k it better be excellent."
Amazon ,"Elgato Wave:3, Premium USB Condenser Microphone and Digital Mixing Solution, Anti-Clipping Technology, Capacitive Mute, Strea",4.7,Very Nice  Product Microphone + Use Wawe Link Software 0% Noise Remove
Amazon ,"Elgato Wave:3, Premium USB Condenser Microphone and Digital Mixing Solution, Anti-Clipping Technology, Capacitive Mute, Strea",4.7,This is hands down a really good mic for beginners and enthusiasts on who want a high end-mid range mic. The reason why this mic is flexible with its audio is because the Solocast or Hypercast which are also pretty good mics do not offer any software support directly from their end and the Wave 3 has Elgato software directly built in so you could directly just plug and play with your stream or even any calls.
Flipkart,Fitty M4 Mini Bluetooth Speaker USB,4.3,Nce
Flipkart,Fitty M4 Mini Bluetooth Speaker USB,4.3,small and cute thanks to Flipkart seller sound very nice
Flipkart,Fitty M4 Mini Bluetooth Speaker USB,4.3,Very nice product
Flipkart,Fitty M4 Mini Bluetooth Speaker USB,4.3,Very nice product and sound quality good
Flipkart,Fitty M4 Mini Bluetooth Speaker USB,4.3,Products sounds amazing
Amazon ,PRUNUS J-555 Pocket Radio AM FM USB-C Charging,4.5,Awsoooom product with excellent frequency
Amazon ,PRUNUS J-555 Pocket Radio AM FM USB-C Charging,4.5,"FM reception is super duper, very clear vocal clarity in FM."
Amazon ,PRUNUS J-555 Pocket Radio AM FM USB-C Charging,4.5,This radio is perfect! Perfect small size. Easy to use. Love being able to charge instead of constantly changing (and buying batteries). Great tone quality. Ability to use with or without ear plugs. A great radio.
Amazon ,PRUNUS J-555 Pocket Radio AM FM USB-C Charging,4.5,A nice small battery operated radio.. Good sound... I've had it for a couple months and the batteries are still strong..
