product_name,reviews,source
Samsung Galaxy Z Flip 6,"Got my phone well in time, completely sealed pack.",Amazon
Samsung Galaxy Z Flip 6,à¤“à¤²à¥à¤¡ à¤«à¥‹à¤¨ à¤¦à¥‡ à¤¦à¤¿à¤¯à¤¾ à¤¹à¤®à¤•à¥‹ à¤¨à¤¹à¥€à¤‚ à¤²à¥‡à¤¨à¤¾ à¤¨à¥à¤¯à¥‚ à¤šà¤¾à¤¹à¤¿à¤,Amazon
Samsung Galaxy Z Flip 6,"Best phone in flip series with fast processor, great camera and best battery backup in flip category !!!!
Best purchase",Amazon
Samsung Galaxy Z Flip 6,"All over youtube - display doesn't work after 20 days of light usage. Did not drop it, been in a case since day 1 and the display won't switch on. Absolutely horrible reliability. DO NOT BUY.",Amazon
Samsung Galaxy Z Flip 6,"Charging is not up to the mark, it's getting down very fast.",Amazon
Samsung Galaxy Z Flip 6,"Please dont buy this product. I had it purchased for Rs 11000. Within a month the display became non functional which was replaced. After 2 months again the screen becomes non responsive. There was no physical damage. Samsungs authorized service center is the worst and they have found an imaginary scratch and says the damage might be due to this and are not honoring the warranty.
It is a horrible experience. The phone is nothing special and is nowhere near the iphones of past 4 years. Please donot buy this product, It is just a fancy item.",Amazon
Samsung Galaxy Z Flip 6,"I bought flip 5 from store. I have got the screen replaced once and to pay 30k, as they said it got weird colors on the folding line because of a dent.
I have started seeing again a green light on the flip line, even when phone has not fallen.
It is too fragile to be handled. Also, of it is so fragile, they should share handling instructions as phone is bound to fall at times",Amazon
Samsung Galaxy Z Flip 6,"Don't fall for shine and cuteness of flip, its screen got unresponsive within two months, when I visited service center, I was told it is very delicate piece and requires child like care. No one says so while at the time of sale in in advance, what is the point of a phone if it cannot be kept in pocket or used. Worst money spent",Amazon
Samsung Galaxy Z Flip 6,"Just a Lovely product âœ¨ï¸
Best design and quality so far in FLIP category.
Great main screen as well cover screen experience.

Camera ğŸ“· quality is also great.
Battery ğŸ”‹ is sufficient for full day of extensive use.",Flipkart
Samsung Galaxy Z Flip 6,"Just a Lovely product âœ¨ï¸
Best design and quality so far in FLIP category.
Great main screen as well cover screen experience.

Camera ğŸ“· quality is also great.
Battery ğŸ”‹ is sufficient for full day of extensive use.",Flipkart
Samsung Galaxy Z Flip 6,"Outstanding Profamemc Awesome Camera
Display is wow ğŸ˜²",Flipkart
Samsung Galaxy Z Flip 6,"Outstanding Profamemc Awesome Camera
Display is wow ğŸ˜²",Flipkart
Samsung Galaxy Z Flip 6,"Ive been using this one for 7days.

Pros:
1.Its one of the coolest looking foldable out there.
Aesthetically it's perfect.
Build quality is top notch.
Easy to use with one hand as well.




2. I was pleasantly surprised with the camera performance. I feel it has one of the best cameras right now.
The main advantage is you can use the main camera for selfies as well
Photos came out excellent in natural as well as in artifical lighting conditions.





3. Performance is the best.
Good part is ...
READ MORE",Flipkart
Samsung Galaxy Z Flip 6,"Ive been using this one for 7days.

Pros:
1.Its one of the coolest looking foldable out there.
Aesthetically it's perfect.
Build quality is top notch.
Easy to use with one hand as well.




2. I was pleasantly surprised with the camera performance. I feel it has one of the best cameras right now.
The main advantage is you can use the main camera for selfies as well
Photos came out excellent in natural as well as in artifical lighting conditions.





3. Performance is the best.
Good part is ...",Flipkart
Samsung Galaxy Z Fold 6,"Samsung has been on the epitome in smartphone market since very long and it is clearly seen in the quality of this product.
Battery stays for the day with moderate usage. Only Superfast charging (25W) is supported and not Superfast 2.0 (45W) like S24 Ultra series.

Camera preview on the rear screen is the most used feature by me and because of Nice Camera Quality, it outshines other phones in this range.",Amazon
Samsung Galaxy Z Fold 6,"I have been using various samsung fones from Note series to S series to humble M or A. My son is apple guy and has latest Phone. BUT fold6 is THE BEST! It's a beast! Seriously! The only cons is camera quality that should have been better, but otherwise this is superb! The processing, speed, split screen, editing. AI...the list is endless. Plus the admiration and attention otherwise gets in large screen is worth the money! Btw, there is gst added to interest for emi option that makes the fone a lot more expensive then the emi mentioned. Unfortunately that is not clearly mentioned while purchasing.",Amazon
Samsung Galaxy Z Fold 6,"I bought this phone just a month ago for my wife. She was so cautious that she did not even want to use it before we got a Cover for it. She uses her phone for both personal and office related work. It was working fine for the first 2-3 weeks, but since a week she started complaining that the screen is freezing. It does not respond at all. This kept repeating again and again at least 15-20 times a day over the last couple of days. We tried multiple things like waiting for a little while, clearing the cache, closing all apps and finally hard booting if required. But today morning, the screen did not respond even after hard booting. We are able to use the limited features that are accessible on the small screen on the top, but the main screen did not work. we finally took it to the authorized service center and to our surprise, they could not replicate the problem there. The moment we left that place and came home, the same problem re-started again. We had to go back to the service center and they said they'll have to reinstall the OS to fix the issue. I hope they'll be able to fix it for good before returning it to us.

However, my concern is that a phone that costs ~1.2 Lakhs crashing like this within a month of buying it, is completely unacceptable. We do not have any 3rd party apps installed, no physical damage or any other things that we can think of that could cause this kind of an issue. I have been a loyal Android user and Samsung is supposed to be producing the best of the Android devices in the market. I am absolutely disappointed by this experience.

Update: At the Service center, they diagnosed that it was a hardware issue and had to replace the touchscreen. For some reason they also replaced the battery. I still don't understand what the battery had to do with the touch screen not working. I hope the issue is fixed for good now. Nevertheless. I am really disappointed with this incident. I feel like we are using a refurbished phone and not a new one though we paid for a new one!",Amazon
Samsung Galaxy Z Fold 6,Best Flip from Samsung,Amazon
Samsung Galaxy Z Fold 6,"Good product nothing exceptional
Your craze of flip lasts for 4-5 days and you have to unfold it every time for usage as it is not an easy to use as compared to normal straight phones then you start thinking i might have purchased some other phone and would have saved approx 40k, and that is it.",Amazon
Samsung Galaxy Z Fold 6,"Pros
Camera quality is excellent. All three camera set ups are good in their use cases environment.
Software of the phone is it's USP. Smooth surface in comparison to other samsung phones.

Cons
Battery usage is only on a concern if you use tab screen them your battery will only lasts 6-7 hours continuously.
Of your usage is on moderate side the it will lasts 24 hours in single charge",Amazon
Samsung Galaxy Z Fold 6,Excellent phone,Amazon
Samsung Galaxy Z Fold 6,This is one of the best phone for Samsung. It got incredible features.,Amazon
Samsung Galaxy Z Fold 6,"It's a nice powerful phone and the flip feature is actually awesome, with the front screen for speaker phone talking.",Amazon
Samsung Galaxy Z Fold 6,excellent deal on a new phone,Amazon
Samsung Galaxy Z Fold 6,Nowhere in the ad does it say you get a refurbished phone.,Amazon
Samsung Galaxy Z Fold 6,Very nice ğŸ‘Œ,Flipkart
Samsung Galaxy Z Fold 6,Very nice ğŸ‘Œ,Flipkart
Samsung Galaxy Z Fold 6,Best ph,Flipkart
Samsung Galaxy Z Fold 6,Best ph,Flipkart
Samsung Galaxy Z Fold 6,Best phone,Flipkart
Samsung Galaxy Z Fold 6,Best phone,Flipkart
Apple iPhone 16 Pro Max,"I've been using the iPhone 16 Pro Max for over a month, and I'm blown away by its sheer performance, stunning display, and revolutionary camera capabilities. Apple has truly outdone themselves with this flagship device.

*Pros:*

1. *Breathtaking Display*: The 6.9-inch Super Retina XDR display is mesmerizing, with vibrant colors and an immersive viewing experience.
2. *Camera Revolution*: The 48MP Pro camera system is incredible, capturing life-like images with ease. Night mode portraits and advanced features take mobile photography to new heights.
3. *Lightning-Fast Performance*: The A18 Pro chip delivers seamless multitasking, graphics-intensive gaming, and effortless navigation.
4. *All-Day Battery Life*: With up to 33 hours of video playback, I no longer worry about running out of juice.
5. *Sleek Design*: The titanium build and textured matte glass back exude premium quality and durability.

*Additional Highlights:*

- Dynamic Island and Always-On display provide an intuitive experience
- ProMotion technology with adaptive refresh rates up to 120Hz ensures silky-smooth visuals
- Fast charging and wireless charging (MagSafe and Qi) make powering up convenient
- IP68 rating ensures peace of mind against accidental water exposure

*Verdict:*

The iPhone 16 Pro Max is an exceptional device that justifies its premium price. If you're seeking the best iPhone experience, look no further. Apple's attention to detail, innovative features, and commitment to quality make this device a game-changer.

*Rating Breakdown:*

- Display: 5/5
- Camera: 5/5
- Performance: 5/5
- Battery Life: 5/5
- Design: 5/5
- Value: 4.5/5

*Recommendation:*

If you're due for an upgrade or seeking the ultimate smartphone experience, the iPhone 16 Pro Max is the perfect choice.",Amazon
Apple iPhone 16 Pro Max,"I love the iPhone 16 Pro Max. It's big, powerful, and up for anything. Yes, I play a console-level game on it without any issue. It takes lovely photos that, even if you choose not to try out the new styles and undertones, are clear and color-accurate.

Key Specs
Apple iPhone 16 Pro Max
RAM 8 GB
Processor Apple A18 Pro
Rear Camera 48 MP + 48 MP + 12 MP
Front Camera 12 MP
Battery 4685 mAh
Display 6.9 inches (17.53 cm)

Pros:
*Larger screens/thinner bezels
*4K slo-mo, OMG
*Powerful processor
*Camera control for instant camera access
*Good performance & battery life
*Excellent cameras & useful Photo Styles
*Video capabilities & Audio Mix
*Apple Intelligence

Cons:
*No 8K video recording
*Slow charging
*Pricey",Amazon
Apple iPhone 16 Pro Max,"Excellent phone, Apple Intelligence is amazing, the battery life is mind blowing and comes with the best camera. If you have a 13 Pro Max or older, go for it. If you have a 14 Pro Max, the only difference you are going to see is Apple Intelligence, better battery life and slightly better cameras. Otherwise it's going to feel like the exact same phone if you use it without a case as the rounded eges in 16 Pro Max are better to use without cases. Skip and save money if you have the 15 Pro Max because the difference is negligible. The black titanium color looks gorgeous and the only good color in the current series. It's a shame they removed the Blue Titanium color. Also costs 15-20k less than the launch price of 15 Pro Max so that is a huge plus.",Amazon
Apple iPhone 16 Pro Max,Itâ€™s getting so hot while chraging,Amazon
Apple iPhone 16 Pro Max,Very expensive. Better if. Ur upgrading after a couple of years. Best video cameras on a smartphone bt apple should come out with something innovative or change their design. This looks very similiar to previous products. Great camera. Top notch in every department.,Amazon
Apple iPhone 16 Pro Max,Not bad looks great,Amazon
Apple iPhone 16 Pro Max,"I did not like it at first. Its my first iPhone. I have used Samsung, Oneplus and Xiaomi phones. 16 Pro Max has many flaws. Android is much better now. But iOS is very smooth.

Things I liked:
1. Speakers are amazing.
2. Battery life is good.
3. Overall smoothness.
4. Camera is great.

Things I did not like:
1. All the Web Browsers (Safari or others) are limited to 60hz.
2. No option for menu bar navigation (android has both gestures and bar).
3. Display / Screen color is fixed at Natural tone (no option for Vivid etc).
4. Restricted files/folder access and many other UI limitations.
5. Managing Whatsapp media is a mess (its much simpler on android).
6. Telephoto 5X images are too soft.
7. No separate Camera folder in Photos app for the photos you take with your phone.",Amazon
Apple iPhone 16 Pro Max,"The Good
Unbeatable video and audio recording features
Performance levels that you'll never max out
Apple's best display yet
The Not So Good

Apple Intelligence is sub-par
Not much difference from the iPhone 15 Pro Max
A bit too expensive",Amazon
Apple iPhone 16 Pro Max,This is a mini supercomputer. Speed just wow !!!,Flipkart
Apple iPhone 16 Pro Max,This is a mini supercomputer. Speed just wow !!!,Flipkart
Apple iPhone 16 Pro Max,The best.,Flipkart
Apple iPhone 16 Pro Max,The best.,Flipkart
Apple iPhone 16 Pro Max,"iPhone 16 Pro Max | Desert Titanium |
So powerful like a mini supercomputer â¤ï¸",Flipkart
Apple iPhone 16 Pro Max,"iPhone 16 Pro Max | Desert Titanium |
So powerful like a mini supercomputer â¤ï¸",Flipkart
OnePlus 13,"***** A True Flagship Experience! *****

I recently got my hands on the OnePlus 13, and I must say, this phone is a game-changer. OnePlus has truly outdone itself this time. Here's why:

Design & Build
The sleek design is stunning and feels premium in hand. The finish on the back resists fingerprints, and the phone is surprisingly lightweight yet solid. It's definitely a head-turner!

Display
The AMOLED display is gorgeous, with vibrant colors and buttery-smooth 120Hz refresh rate. Watching videos and gaming feels incredibly immersive, even under bright sunlight.

Performance
Powered by the latest Snapdragon chipset, the phone is a beast! Multitasking is seamless, and gaming performance is top-notch with zero lags. Apps open in an instant, and the overall performance feels lightning-fast.

Software
The OxygenOS experience is clean and intuitive. The new customizations and smooth animations make the Ulleven more enjoyable.

Verdict
If you're looking for a flagship phone that combines cutting-edge performance, stunning design, and an incredible camera, the OnePlus 13 is the one to get. It's worth every penny and outshines most competitors in its price range.",Amazon
OnePlus 13,"Oneplus has outdone themselves with this phone!

The phone is best in all categories.
I'm loving it's stunning display, it's superb Camera which compares and performs better than the iphone 15 pro Max (have compared and the iphone user agrees!), the super powerful battery and the INSANE battery life! (check the attached image). It also gets charged super duper fast! Takes about 30-35 minutes to go from 10-100% and then I hardly ever seen the need to charge it in the next 1-1.5 days. At best cases, it even lasts whole 2 days+

It also has a really premium feeling. I got the beautiful white one, 16+512gb variant.

The Oxygen OS 15 is really fluid and butter smooth. Feels very refined. Speakers are great for audio output in rooms (hall, bedroom etc)

Honestly, coming from OP6 (which itself was a legandary) after ~6.5+ years, THIS IS THE UPGRADE I could ever ask for!

Oh and the AI photo editor works like charm. So does the circle to search. Haven't had chance to test other features yet but I feel like the device will really live upto the feeling so far.

Amazing work Oneplus!",Amazon
OnePlus 13,"The OnePlus 13 has received widespread acclaim for its impressive features and performance, making it a standout choice in the premium smartphone market. Hereâ€™s a comprehensive review highlighting its key aspects:

## Design and Build Quality
The OnePlus 13 boasts a **sleek and durable design** that is both aesthetically pleasing and functional. The phone is noted for its **refined look** and robust construction, making it one of the most durable devices tested, despite not being built to military standards. Users have praised its **premium feel**, with a curved display that enhances grip and usability.

## Display
Equipped with what DisplayMate ranks as the **best display ever**, the OnePlus 13 features vibrant colors and excellent clarity. It offers a **wide color gamut** and performs exceptionally well in bright sunlight, ensuring visibility in various conditions. The under-display fingerprint sensor is highly responsive, further enhancing user experience.

## Performance
Powered by the **Qualcomm Snapdragon 8 Elite processor**, the OnePlus 13 delivers **blazing-fast performance**, outperforming many competitors in benchmark tests. It handles multitasking and demanding applications with ease, making it suitable for both casual users and gamers. The device also supports a **120Hz refresh rate**, ensuring smooth animations and interactions.

## Battery Life
With a substantial **6000mAh battery**, the OnePlus 13 excels in battery longevity, easily lasting through a full day of heavy use. It also features **80W fast charging**, allowing users to recharge quickly, which is particularly beneficial for those on the go.

## Camera Quality
The camera system on the OnePlus 13 is competitive, offering features that can rival top-tier smartphones like the iPhone 16 Pro and Galaxy S24 Ultra. While it performs admirably in various lighting conditions, some users noted that it may not consistently outperform these competitors in all scenarios.

## Software Experience
Running on Oxygen OS 15, the OnePlus 13 provides a visually appealing interface with intuitive navigation. Users have appreciated its balance of features without overwhelming them with unnecessary complexity. However, some may find the AI capabilities less robust compared to rivals like Google Pixel devices.

## Conclusion
Overall, the OnePlus 13 is a **fantastic device** for anyone seeking a premium smartphone experience in 2025. It combines an attractive design, top-tier performance, excellent battery life, and a high-quality display into one package. While it may not be as widely recognized as brands like Apple or Samsung, it certainly deserves attention from anyone in the market for a new phone.",Amazon
OnePlus 13,"OnePlus don't want me to get settled with other smartphone ğŸ˜‚ğŸğŸ“±in past i have used the iphone 15 plus for just 3 months.. Then again
Back to The OnePlus ,10 Years of love - OP1,OP6T,OP9PRO & NOW ONEPLUS 13

Key Points:-

A) Pro's

1) Battery Backup ( see screenshot )
2) Very Smooth UI ( look and feel of ios - 60-70%)
3) 8 Elite is just awesome ( Superfast )
4) There is no heating observed, atleast by me
5) Charging Speed. ( 38-40 min for full charge )
6) Haptic Feedbacks ( Just Awesome )
7) Good AI features ( AI eraser,AI unblur )
8) Lifetime green line warrenty.

B) Cons

1) Camera - Not upto the Mark
2) Laggy Zoom ( camera ) while switching lences ( not even close to the iphone, iPhone is the best for smooth camera zoom/lence switching )
3) Sound Quality - just feeling like I'm using 15-20k device, in past OnePlus given dolby atmos for their devices until OnePlus 12 ,but now they are giving OReality audio ( which is too bad )
compared with iPhone15, our OnePlus is far away from the compitition.
4) Notification delay for instagram.( can be fixed )
5) Build quality not feels Premium.
6) Price Tag - it should be available for 50k to 60k",Amazon
OnePlus 13,Ø§Ù„Ø¬Ù‡Ø§Ø² Ø£Ø¹Ø¬Ø¨ Ø£Ø®ÙˆÙŠ,Amazon
OnePlus 13,"Awesome product it's. Amazing ğŸ˜ğŸ˜ğŸ˜ğŸ˜ğŸ˜
Thx to Amazon & it's associate too

But not get accessories for one plus 13 like orginal wireless charger & UV protection....",Amazon
OnePlus 13,Thanks Amazon ğŸ¥°,Amazon
OnePlus 13,"I been a one plus fan since the one plus 5. Yes that's almost 8 years now and i been noticing the downgrade since the plus9. The box is way smaller, the cable and the charger quality is worse. They changed the transparent cover with some black cover that hides the phone color.
These things i can live with however my last plus phone (9) had an issue where the slider would open the search window in browsers or YouTube and it was pretty annoying. Problem was not all phones had this issue and one plus stopped caring about the phone once the 10 came out.

Now i got my oneplus 13 and i thought they should have fixed things by now right? Oh hey, what's that? Photos in apps are distorted, not all apps but only some. I msged them oneplus forum and their solution was to format the phone which did not fix the issue. Now i have to use this phone for the next 3-5 years stuck with a problem that they will probably not solve since they will be busy with 14 and 15.",Amazon
OnePlus 13,"ÙŠÙ†Ù‚ØµÙ‡ Ø§Ù„Ø§ØªØµØ§Ù„ Ø¨ÙŠ Ø§Ù„Ø£Ù‚Ù…Ø§Ø± Ø§Ù„ØµÙ†Ø§Ø¹ÙŠØ© Ù…Ù‚Ø§Ø±Ù†Ø© Ø¨Ø´Ø±ÙƒØ© Ù‡ÙˆÙ†Ø±

ÙˆÙŠÙ†Ù‚ØµÙ‡ ØªÙ‚ÙˆÙŠØ© Ø§Ù„ÙƒØ§Ù…ÙŠØ±Ø§Øª Ù„ÙŠ 200 Ù…ÙŠÙ‚Ø§ Ø¨ÙŠÙƒØ³Ù„

Ù…Ø«Ù„ Ù‡ÙˆÙ†Ø± Ùˆ Ø³Ø§Ù…Ø³ÙˆÙ†Ø¬ ÙˆØ§ØªÙˆÙ‚Ø¹ Ø¨ÙŠØ³ÙˆÙˆÙ†Ù‡Ø§ Ù…Ø¹ Ø§Ù„Ø¬ÙŠÙ„ Ø§Ù„Ù‚Ø§Ø¯Ù… one plus 14 ÙˆÙ„Ø§ Ù…Ø¬Ù…Ù„Ø§ ÙŠØ¹ØªØ¨Ø± Ø³Ù„Ø³ ÙˆÙˆØ§Ø¬Ù‡Ø© Ø§Ù„Ù†Ø¸Ø§Ù… ØªØ¹ØªØ¨Ø± Ø§Ù„Ø£ÙØ¶Ù„ ØªØ°ÙƒØ±Ùƒ Ø¨ÙˆØ§Ø¬Ù‡Ø§Øª Ù‡ÙˆØ§ÙˆÙŠ Ø³Ø§Ø¨Ù‚Ø§",Amazon
OnePlus 13,This phone is the beast phone. I just love it,Flipkart
OnePlus 13,This phone is the beast phone. I just love it,Flipkart
Apple Watch Series 9,"Old but precise. That is how I would describe it. Old as in the packaging i got was quite dirty. But the product inside was fine and works very good. The only issue I find for this watch is the location service. It does not quite have the fast location service but nevertheless, looks and feels very nice.",Amazon
Apple Watch Series 9,Excellent watch with very good battery life. Apple watches get booted and paired very fast. UI is buttery smooth. Lack of direct WhatsApp App is a bit disappointing. Apart from that a must have watch for Apple users. Go for Silver as you can switch different colored bands with it :),Amazon
Apple Watch Series 9,"The Apple Watch Series 9 emerges as a shining example of innovation and forward-thinking in the realm of smartwatches. With its brighter, more powerful screen and the introduction of the Double Tap gesture, it stands out as a significant leap forward in user interaction1. The new S9 chipset not only enhances performance but also paves the way for a more eco-friendly approach to technology.

One of the most talked-about features is the Double Tap gesture, which promises to revolutionize the way we interact with our devices on a daily basis1. Itâ€™s a delightful addition that enhances the overall user experience. Moreover, the watchâ€™s commitment to sustainability is commendable, with its shift towards environmentally friendly materials and its status as the first carbon-neutral Apple device2.

While it maintains the classic design weâ€™ve come to love, the Series 9 doesnâ€™t shy away from introducing new technologies such as the Ultra Wideband (UWB) radio technology. This not only improves device finding capabilities but also ensures that the watch is future-proof, ready to embrace upcoming features developed for UWB-capable devices1.

In conclusion, the Apple Watch Series 9 is not just a smartwatch; itâ€™s a statement of where technology can take us when itâ€™s designed with both the user and the environment in mind. Itâ€™s the perfect companion for those who want the best of Appleâ€™s smartwatch capabilities, wrapped up in a device thatâ€™s both powerful and responsible.",Amazon
Apple Watch Series 9,"Got my first apple watch. It was pricy and i got good discount. Battery last for 3 days. Accuracy is fine, ease of use would be considered if you get accustomed to it. Display is great. Quality is fine and could have beem even better at this price range",Amazon
Apple Watch Series 9,"This is the first time after much speculations and weighing all the other options I decided to buy an Apple Watch.
Iâ€™ve been using it for last two months and itâ€™s flawless.
It has every feature, and of course, using it with iPhone or iPad Makes it very easy to use .
The best part about the watch is itâ€™s connectivity, gestures, of course.
Itâ€™s battery life is very good. I have to charge once in one and a half day and thatâ€™s all ,it last for long, given that it is connected with Wi-Fi whole time.
It charges very quickly.
When it comes to appearance, I ordered 41 MM, it comes with sports strap band which is really good quality, only if somebody wants a different strap then you can purchase separately otherwise, no need at all.
Separately, I ordered a protector and a screen guard.

If somebody is looking for new Apple Watch who has never used it, this money is worth, but Iâ€™ve heard that people already have previous series watches then there is no point in upgrading. Iâ€™ve heard that it is pretty much same but for new investment this is Best latest. 10 on 10.",Amazon
Apple Watch Series 9,"I waited sooo long to get this, finally I am wearing this beautiful 9 Series watch. Calare the the offline, I observed lot of difference in the price. Thank you Amazon for this product.

Product is Awesome ğŸ¤© nothing can beat quality of Apple. Regular monitoring of blood oxygen levels, all fitness information. What not every thing included. You need not to use mobile phone if you wear Apple Watch. My screen time got reduced, every time I need not to check my Phone for all the notifications.

I recommend all the users, itâ€™s a best of best choice, donâ€™t wait for anything just buy it. You will enjoy like anything.",Amazon
Apple Watch Series 9,"We disliked the entire deal, shocked by what we received. What should have been a nice birthday gift turned out to be trash worth absolutely nothing.",Amazon
Apple Watch Series 9,A super citizen like me (86) this watch serves spontaneously many desired tenets including hearing aid features when released in India accessed to my iPhone Pro 16. A must possess this tech extravaganza in life.,Amazon
Apple Watch Series 9,Awesome watch with very sleek design and great battery life! Loved it!! ğŸ˜,Flipkart
Apple Watch Series 9,Awesome watch with very sleek design and great battery life! Loved it!! ğŸ˜,Flipkart
Apple Watch Series 9,Happy with my new Apple purchase. Just check your wrist size before taking the decision for 41mm or 45mm. 41mm looks more like a watch I feel.,Flipkart
Apple Watch Series 9,Happy with my new Apple purchase. Just check your wrist size before taking the decision for 41mm or 45mm. 41mm looks more like a watch I feel.,Flipkart
Apple Watch Series 9,Simply awesome. Perfect pairing with my iPhone 14 plus.,Flipkart
Apple Watch Series 9,Simply awesome. Perfect pairing with my iPhone 14 plus.,Flipkart
Apple MacBook Air Laptop,"I got this laptop sep 2023 and the Jan 25 the display is gone - no damage at all.
No virus. Nothing
The service centre is asking for 50k for the display change :(
Please donâ€™t buy the M2 series.",Amazon
Apple MacBook Air Laptop,"â€œIâ€™ve been using the MacBook M2 with 16GB RAM and 256GB storage for a while now, and itâ€™s an absolute beast! ğŸ”¥

Performance: The M2 chip is a game-changer. It handles everything I throw at it, from multitasking with heavy apps like Final Cut Pro and Photoshop to running virtual machines effortlessly. Thereâ€™s zero lag, even with multiple tabs and applications open simultaneously.

Battery Life: The efficiency of the M2 chip paired with macOS is incredible. I easily get 10+ hours of battery life on a single charge, which makes it perfect for working on the go.

Build Quality: As expected from Apple, the build is premium. The sleek design, lightweight form factor, and stunning Retina display with vibrant colors make this laptop a joy to use every day.

Storage: While 256GB might seem limited for some, the speed of the SSD makes up for it. Apps launch instantly, and file transfers are blazing fast. For those who need more storage, external SSDs or cloud storage work seamlessly with the system.

Verdict: If youâ€™re looking for a laptop that delivers on performance, portability, and battery life, the MacBook M2 is unbeatable in its class. Whether youâ€™re a creative professional, a coder, or a student, this machine will not disappoint. Highly recommend!â€

â­ Rating: 5/5",Amazon
Apple MacBook Air Laptop,"Loved it, it's my first MacBook that I earned from my hardwork ğŸ¥ºâ¤ï¸",Flipkart
Apple MacBook Air Laptop,"Loved it, it's my first MacBook that I earned from my hardwork ğŸ¥ºâ¤ï¸",Flipkart
Apple MacBook Air Laptop,"Battery lasted longer than my first relationship (2 days).
Listening to Arijit singh songs on full volume since then still isn't getting over. Has more warmth than her. unlike her there's two way communication here as touchpad is very responsive. fingerprint lock is nice as it only opens up to me. 5 stars for this -1 for her",Flipkart
Apple MacBook Air Laptop,"Battery lasted longer than my first relationship (2 days).
Listening to Arijit singh songs on full volume since then still isn't getting over. Has more warmth than her. unlike her there's two way communication here as touchpad is very responsive. fingerprint lock is nice as it only opens up to me. 5 stars for this -1 for her",Flipkart
Apple MacBook Air Laptop,"Superb built quality, Amazing performance and display quality...

Got it at 72k, wonderful product at great price.",Flipkart
Apple MacBook Air Laptop,"Superb built quality, Amazing performance and display quality...

Got it at 72k, wonderful product at great price.",Flipkart
Apple AirPods Pro (2nd Generation),"I recently upgraded to the Apple AirPods Pro (2nd Generation), and I am beyond thrilled with the exceptional experience they deliver. These earbuds have not only met but exceeded my expectations in every aspect.

Audio Quality:
The audio quality is nothing short of spectacular. The dynamic range, clarity, and immersive soundstage elevate my music, podcasts, and calls to a whole new level. The active noise cancellation is a game-changer, effortlessly blocking out external noise and immersing me in the audio experience.

Comfort and Fit:
The design of the AirPods Pro is a testament to Apple's commitment to user comfort. The in-ear design with customizable silicone tips ensures a snug and secure fit, making them perfect for extended use. Whether I'm working out, commuting, or simply relaxing, they stay in place without causing any discomfort.

Noise Cancellation and Transparency Mode:
The active noise cancellation is incredibly effective, creating a serene listening environment even in bustling surroundings. On the flip side, the Transparency Mode is a genius addition, allowing me to stay aware of my surroundings without removing the earbuds. It's like having control over my auditory environment.

Build Quality and Design:
As expected from Apple, the build quality is impeccable. The sleek and compact charging case is not only aesthetically pleasing but also practical for on-the-go use. The touch controls on the earbuds are responsive and intuitive, adding to the overall user-friendly design.

Battery Life:
The battery life is impressive. With the case providing multiple charges, I rarely find myself needing to plug them in. The quick charge feature is a lifesaver, giving me hours of use with just a short charge.

Integration with Apple Ecosystem:
The seamless integration with the Apple ecosystem is a standout feature. From automatic device pairing to Siri integration, the AirPods Pro seamlessly integrate with my iPhone, iPad, and Mac, enhancing the overall user experience.

In conclusion, the Apple AirPods Pro (2nd Generation) are a masterpiece of audio technology. They combine unparalleled sound quality, comfort, and advanced features in a sleek and sophisticated package. While they may be an investment, the enhanced listening experience and convenience make them worth every penny. I wholeheartedly recommend the AirPods Pro to anyone in search of the ultimate wireless earbud experience.",Amazon
Apple AirPods Pro (2nd Generation),"As an avid music lover and tech enthusiast, I recently had the opportunity to test the AirPods Pro, and I must say, they exceeded my expectations in every way possible. Apple's flagship wireless earbuds have truly set a new standard for premium audio and convenience.

Design and Comfort:
The first thing that caught my attention was the sleek and compact design of the AirPods Pro. The in-ear form factor with customizable silicone tips ensures a secure and comfortable fit, making them ideal for long listening sessions without causing discomfort. Additionally, the Active Noise Cancellation (ANC) feature effectively blocks out external noises, allowing me to immerse myself in the music.

Audio Quality:
When it comes to audio quality, the AirPods Pro truly shine. The sound is incredibly crisp, with well-balanced mids, clear highs, and punchy bass. Whether I'm listening to classical symphonies or grooving to the latest hip-hop tracks, the AirPods Pro deliver an impressive audio experience that remains unparalleled in the true wireless earbud market.

Transparency Mode:
One standout feature that impressed me was the Transparency Mode. With a simple press, I could instantly switch from ANC to Transparency Mode, which allowed me to stay aware of my surroundings without removing the earbuds. This feature came in handy during outdoor activities, ensuring my safety while still enjoying my music.

Noise-Canceling:
The AirPods Pro's Active Noise Cancellation is hands down one of the best I've experienced. It effectively eliminates background noise, making them perfect for busy commutes or when I need to focus in a noisy environment. It significantly enhances the overall listening experience, helping me get lost in my favorite tunes without distractions.

Battery Life and Wireless Charging:
While the battery life of the AirPods Pro is not exceptionally long, it is adequate for most daily use. With ANC enabled, I consistently got around 4.5 to 5 hours of continuous playback, which is quite impressive considering the active noise-canceling feature. The wireless charging case is also a convenient addition, providing multiple charges on the go without the hassle of cables.

Connectivity and Controls:
Pairing the AirPods Pro with my Apple devices was seamless and hassle-free. Once paired, they automatically connect to the device whenever I open the case. The touch controls on the earbuds are responsive and intuitive, allowing me to control music playback, answer calls, and access Siri effortlessly.

Conclusion:
In conclusion, the AirPods Pro is a top-of-the-line true wireless earbud offering from Apple that delivers outstanding audio quality, comfort, and cutting-edge features. From the moment I put them on, I was blown away by the immersive audio experience and the convenience they provided. If you are looking for the best wireless earbuds on the market, the AirPods Pro should undoubtedly be at the top of your list.",Amazon
Apple AirPods Pro (2nd Generation),"Finally got my hands on the Apple AirPods Pro (2nd Gen) and I'm happy that the product is 100% genuine. The sound quality and immersive audio experience have truly impressed me. The Noise Cancellation feature surpasses any other competitor in the market (obviously), and it stays snugly in my ear even during intense workouts at the gym.

All in all, I'm quite satisfied with the product (so far). The only minor drawback I'd say is that the audio bass could be a bit stronger. Still, the audio quality, the features, the battery life, and the overall fit make it a perfect travel companion.",Amazon
Apple AirPods Pro (2nd Generation),"Kidney to Gaya but noise cancellation, sound, experience is amazingly good",Flipkart
Apple AirPods Pro (2nd Generation),"Kidney to Gaya but noise cancellation, sound, experience is amazingly good",Flipkart
Apple AirPods Pro (2nd Generation),I was little hesitant to order it online as I could get fake. But these are original and in great condition. Also got it at 16.5 which is steal deal. So overall good buy.,Flipkart
Apple AirPods Pro (2nd Generation),I was little hesitant to order it online as I could get fake. But these are original and in great condition. Also got it at 16.5 which is steal deal. So overall good buy.,Flipkart
Apple AirPods Pro (2nd Generation),"I couldn't be happier about this purchase. The features that made me fall in love with it are:
1. A product that integrates so well with other Apple devices that it feels like magic.
2. If you have multiple Apple devices, switching between them is very smooth and flawless. It makes perfect sense if you have more than 1 Apple devices.
3. The noise cancellation is awesome.
4. If you forget where you put your AirPods, it has a built-in speaker that can be used to make chimes to find them using ...
READ MORE",Flipkart
Apple AirPods Pro (2nd Generation),"I couldn't be happier about this purchase. The features that made me fall in love with it are:
1. A product that integrates so well with other Apple devices that it feels like magic.
2. If you have multiple Apple devices, switching between them is very smooth and flawless. It makes perfect sense if you have more than 1 Apple devices.
3. The noise cancellation is awesome.
4. If you forget where you put your AirPods, it has a built-in speaker that can be used to make chimes to find them using ...",Flipkart
NIKE Mens Jordan Stay Loyal 3 Running Shoes,Impressive packaging and very good of Jordan shoes,Amazon
NIKE Mens Jordan Stay Loyal 3 Running Shoes,Not original,Amazon
NIKE Mens Jordan Stay Loyal 3 Running Shoes,"Good Quality & Fittings, box pack, new. the shoues is realy good.",Amazon
NIKE Mens Jordan Stay Loyal 3 Running Shoes,Fantastic shoes,Amazon
NIKE Mens Jordan Stay Loyal 3 Running Shoes,The shoes was good ğŸ’¯ u can jump higher,Amazon
NIKE Mens Jordan Stay Loyal 3 Running Shoes,Not comfortable,Amazon
NIKE Mens Jordan Stay Loyal 3 Running Shoes,"Really got it for cheap in sale and when I went to the outlet saw the same shoe for 11k so if u are interested in it just go for it; A worthy deal ğŸ‘ğŸ¼.so, after the use of some weeks I just figured out that itâ€™s leather front got some creases ğŸ˜­ and itâ€™s really disappointing but still itâ€™s good .",Amazon
NIKE Mens Jordan Stay Loyal 3 Running Shoes,5Real Jordan,Flipkart
NIKE Mens Jordan Stay Loyal 3 Running Shoes,5,Flipkart
NIKE Mens Jordan Stay Loyal 3 Running Shoes,Real Jordan,Flipkart
Premium Aquatic Eau De Cologne,The product is great as it used to be. However there is no spray as the content of the product suggests in Amazon.,Amazon
Premium Aquatic Eau De Cologne,"Best product till now! Scent is very refreshing you can use it even in bathing water!
Got it during sale so got this product for half the actual price! So worth buying every penny!",Amazon
Premium Aquatic Eau De Cologne,"Good for general use. The smell is very mild (that is what makes it awesome) and it would not last for hrs together....but having said that, it is an all time classic for the feel of freshness. NOTE IT IS NOT A SPRAY....IT IS A POUR....the product description is incorrect.",Amazon
Premium Aquatic Eau De Cologne,Best product at this Rate,Amazon
Premium Aquatic Eau De Cologne,One out of two was leaking during dispatch resulting in wastage.,Amazon
Premium Aquatic Eau De Cologne,Perfect for Children,Amazon
Premium Aquatic Eau De Cologne,I have ordered after reading positive reviews but gote disappointed after first use.,Amazon
Premium Aquatic Eau De Cologne,GOOD,Amazon
Premium Aquatic Eau De Cologne,The best Eau De Cologne till date. But very difficult to find or ship. apart rest is heavenly. Kids love it. Great smell on the clothes for just keeping the bottle along with it. dab it on a tissue and place alongside the clothes. Nothing like Premium Eau De Cologne !!! 3rd generation user..,Amazon
Premium Aquatic Eau De Cologne,"1Product is original and packing is very good but, the MRP of the product printed over the bottle is 105 RS. when I called the customer care they told it was a printing mistake by the product company. Did not accept that they have updated the price wrongly in their portal... Product is not returnable...very funny... attached the pic for reference",Flipkart
Premium Aquatic Eau De Cologne,1,Flipkart
Premium Aquatic Eau De Cologne,"Product is original and packing is very good but, the MRP of the product printed over the bottle is 105 RS. when I called the customer care they told it was a printing mistake by the product company. Did not accept that they have updated the price wrongly in their portal... Product is not returnable...very funny... attached the pic for reference",Flipkart
Premium Aquatic Eau De Cologne,"1The price of the product is printed to be â‚¹105, and flipkart is taking â‚¹115..thanks very much for this, and hope this review gets published so that other people can also get alarmed.",Flipkart
Premium Aquatic Eau De Cologne,1,Flipkart
Premium Aquatic Eau De Cologne,"The price of the product is printed to be â‚¹105, and flipkart is taking â‚¹115..thanks very much for this, and hope this review gets published so that other people can also get alarmed.",Flipkart
Premium Aquatic Eau De Cologne,5Nice,Flipkart
Premium Aquatic Eau De Cologne,5,Flipkart
Premium Aquatic Eau De Cologne,Nice,Flipkart
Samsung S24 Ultra,Best in night photography,Flipkart
Samsung S24 Ultra,Best in night photography,Flipkart
Samsung S24 Ultra,"Best mobile for photography
Charging wise also good
No issues at all.
Giving my review after using it almost 50 days.",Flipkart
Samsung S24 Ultra,"Best mobile for photography
Charging wise also good
No issues at all.
Giving my review after using it almost 50 days.",Flipkart
Samsung S24 Ultra,"Android King ğŸ¤´
All-rounder phone ğŸ“±
All in one ğŸ’¯ğŸŠ",Flipkart
Samsung S24 Ultra,"Android King ğŸ¤´
All-rounder phone ğŸ“±
All in one ğŸ’¯ğŸŠ",Flipkart
Redmi Note 13 Pro,"I've been using the Redmi Note 13 Pro Plus for a week now, and I must say, it's exceeded my expectations in almost every department! The phone's performance is lightning-fast, thanks to the powerful processor and ample RAM. The display is stunning, with vibrant colors and crisp visuals. Battery life is impressive, easily lasting a day with heavy usage. Cameras are top-notch, capturing detailed photos and videos. The design is sleek and premium, with a comfortable grip. Call quality is top notch, even in low network areas.
Cons: software and security update as given are for 03 years and 04 years respectively, they could have offered for more like for 05 years, though the phone came with Hyper OS and Android 14 out of th the box, comparing to the initial phone which came with MIUI 14 and Android 13. It will be a long wait to see how many updates i will be getting.
Other only minor gripe is the lack of wireless charging, but that's a small trade-off for the incredible value this phone offers. Overall, I'm thoroughly enjoying my Redmi Note 13 Pro Plus experience and would highly recommend it to anyone seeking a high-performance device without breaking the bank. My review - A premium package on a mid range budget.",Amazon
Redmi Note 13 Pro,"First of all let's go with the pros
Display: the best thing I liked about this device is it's display am first time using an amoled curved display and it's soo good it's super smooth with 120hz and the colors are good too and within a week this device fall from about 6 feet and 3-4 times and there was not even a scratch it shows the victus protection does it's job well
â€¢ some of the users claim that the 120 watts is not working it's taking about 50 mins but actually if you try to charge the device out of the box it will shows that 120w quick charge but you need to go to settings>battery and switch on the boost charging then only it gives you true 120w potential in 19 mins
â€¢ I had test the device dipped in water for 15 mins and still there is no issues found so the ip68 also works good
â€¢ And i got and update from miui to xiaomi hyperos
And the ui is also super smooth without any bugs found
â€¢ and about gaming the device gives a smooth experience I played freefire in max settings in high fps and still I got about 50fps and i tried e-football ect.. And the device heats up a bit still not overheating in gaming I didn't found any shutters or lags it works smooth
Cons:
I think this stuff is a bit overpriced
The camera is not up to the mark in these price range
But still it can be fixed with a software update
And the battery drains fast I don't think it's 5000 mah my 5 yrs old vivo gives more backup than this but still 120w just full in 19 mins
And the other features are good about these device the cons can be just fixed by an update and after all i love these phone don't mind the negative comments just go for it and i have a suggestion it's bit over priced so you can buy it on offer times and it's not an performance oriented device if you are a gamer or looking that types of phne you can go for iqoo neo 9 Or something and that's all about these device I think this review may help you and i I'll update if I faced any prblms thank youğŸ˜Š",Amazon
Redmi Note 13 Pro,"I've been using the Redmi Note 13 Pro+ for a while now, and I have to say, it's an amazing phone, especially for the price. Hereâ€™s why I love it:

Design and Feel:
First off, it looks and feels premium. The sleek design and solid build make it feel way more expensive than it actually is. It's comfortable to hold and use, which is a big plus.

Display:
The screen is gorgeous. The AMOLED display is bright and vibrant, making everything from videos to games look fantastic. Plus, the high refresh rate makes scrolling and animations super smooth.

Performance:
Even though it has a weaker processor compared to other upper mid-range smartphones, the performance is still really good. Apps open quickly, and multitasking is a breeze. Iâ€™ve played some pretty graphics-heavy games on it, and it handles them surprisingly well.

Camera:
The camera setup is really impressive. Photos come out clear and vibrant, even in low light. The extra lenses for wide-angle shots and close-ups add a lot of versatility. Itâ€™s perfect for snapping great photos on the go.

Battery Life:
Battery life is solid. It easily lasts all day with heavy use, and the fast charging is a lifesaver when youâ€™re in a hurry. No more waiting around for your phone to charge!

Software:
HyperOs is smooth and feature-packed. It takes a bit to get used to if youâ€™re coming from another brand, but itâ€™s intuitive and has a lot of useful features.

Overall, the Redmi Note 13 Pro+ is a fantastic choice if you want a high-quality phone without spending a fortune. It delivers great performance, a beautiful display, and a top-notch camera all at an affordable price. Definitely recommend it!

Bonus: There's no heating issue observed when doing demanding tasks!",Amazon
Redmi Note 13 Pro,â¤ï¸â¤ï¸,Amazon
Redmi Note 13 Pro,Ø®Ø±Ø§ÙØ©,Amazon
Redmi Note 13 Pro,This version doesn't support esim,Amazon
Redmi Note 13 Pro,Ø¬Ù‡Ø§Ø² Ø±Ø§Ø¦Ø¹ Ùˆ Ø³Ø¹Ø± Ù…Ù†Ø§Ø³Ø¨,Amazon
Redmi Note 13 Pro,Ù…Ù†ØªØ¬ Ù„ÙŠØ³ Ù„Ù‡ Ø¶Ù…Ø§Ù†,Amazon
Redmi Note 13 Pro,"Mobile design excellent...while using mobile best experience but camera little bit dull ğŸ˜ battery performance good using non stop for 6hours internet using
Overall best for buy
3.8/5.0",Flipkart
Redmi Note 13 Pro,"Mobile design excellent...while using mobile best experience but camera little bit dull ğŸ˜ battery performance good using non stop for 6hours internet using
Overall best for buy
3.8/5.0",Flipkart
Redmi Note 13 Pro,Nice Products ğŸ‘ŒğŸ» but Price ğŸ˜’,Flipkart
Redmi Note 13 Pro,Nice Products ğŸ‘ŒğŸ» but Price ğŸ˜’,Flipkart
Redmi Note 13 Pro,Nice camera love it,Flipkart
Redmi Note 13 Pro,Nice camera love it,Flipkart
L'Oreal Paris Hyaluron Moisture 72HR Moisture Filling Shampoo,"effective for frizzy and dry hair
scent is mild and good
value for money
hair remaine smoothw and hydrated
cannot say about
hairloss it all depend on person.to.person.... for me it worked very well
no.bottle.leakage",Amazon
L'Oreal Paris Hyaluron Moisture 72HR Moisture Filling Shampoo,Good product,Amazon
L'Oreal Paris Hyaluron Moisture 72HR Moisture Filling Shampoo,"My hair moisturizing after use this shampoo and conditioner....
I love it....",Amazon
L'Oreal Paris Hyaluron Moisture 72HR Moisture Filling Shampoo,"Shampoo is good but this bottel came with leakage . Cap was broken. Thankfully i had empty bottel so i can use that shampoo. Packaging was bad but shampoo is good
Frizzy free, hydrate your hairs. And if ull use conditioner. Then u can see whole results.",Amazon
L'Oreal Paris Hyaluron Moisture 72HR Moisture Filling Shampoo,I have been using this shampoo for more than 2 years now and this is my best pic. If you have oily scalp like me and rough hair tips. Definately give this shampoo a try and also it's conditioner â¤ï¸,Amazon
L'Oreal Paris Hyaluron Moisture 72HR Moisture Filling Shampoo,"Normal shapmoo, nothing special as described",Amazon
L'Oreal Paris Hyaluron Moisture 72HR Moisture Filling Shampoo,Satisfied,Amazon
L'Oreal Paris Hyaluron Moisture 72HR Moisture Filling Shampoo,"It is super hydrating. My hair feels so soft and moisturized after using it. I've been using it for six months already and I've seen a huge difference. Well, packaging would have been better. Overall, a must buy product.",Amazon
L'Oreal Paris Hyaluron Moisture 72HR Moisture Filling Shampoo,4This is a good shampoo but all matters is the type of water supply at home. It works best if there is municipal water supply i.e. from rivers. If using hard water then NO shampoo works.... You'll have freezy and dry hair with hair fall.,Flipkart
L'Oreal Paris Hyaluron Moisture 72HR Moisture Filling Shampoo,4,Flipkart
L'Oreal Paris Hyaluron Moisture 72HR Moisture Filling Shampoo,This is a good shampoo but all matters is the type of water supply at home. It works best if there is municipal water supply i.e. from rivers. If using hard water then NO shampoo works.... You'll have freezy and dry hair with hair fall.,Flipkart
L'Oreal Paris Hyaluron Moisture 72HR Moisture Filling Shampoo,5I have used first time my hair is very frizzi and dry due to that i can't do to which I can't do any hairstyle... But using loreal hyaluronic... My gets soft miracle ğŸ˜‡ğŸ˜‡earlier I have used so many shampoo dove tresme sunsilk for timing hair remain soft ... But loreal new launch gives very good result... Thanks to loreal and flipkart sending me such a good productğŸ˜ŒğŸ˜ğŸ˜ğŸ˜‡ğŸ˜‡,Flipkart
L'Oreal Paris Hyaluron Moisture 72HR Moisture Filling Shampoo,5,Flipkart
L'Oreal Paris Hyaluron Moisture 72HR Moisture Filling Shampoo,I have used first time my hair is very frizzi and dry due to that i can't do to which I can't do any hairstyle... But using loreal hyaluronic... My gets soft miracle ğŸ˜‡ğŸ˜‡earlier I have used so many shampoo dove tresme sunsilk for timing hair remain soft ... But loreal new launch gives very good result... Thanks to loreal and flipkart sending me such a good productğŸ˜ŒğŸ˜ğŸ˜ğŸ˜‡ğŸ˜‡,Flipkart
L'Oreal Paris Hyaluron Moisture 72HR Moisture Filling Shampoo,4Loved it,Flipkart
L'Oreal Paris Hyaluron Moisture 72HR Moisture Filling Shampoo,4,Flipkart
L'Oreal Paris Hyaluron Moisture 72HR Moisture Filling Shampoo,Loved it,Flipkart
LakmÃ© 9 to 5 Kajal Twin Pack,I suggest buying..product is good,Amazon
LakmÃ© 9 to 5 Kajal Twin Pack,"The shade is apt and it is pretty long lasting and
it blends perfectly",Amazon
LakmÃ© 9 to 5 Kajal Twin Pack,long lasting and good quality product!,Amazon
LakmÃ© 9 to 5 Kajal Twin Pack,Nice product,Amazon
LakmÃ© 9 to 5 Kajal Twin Pack,Application is smooth but as it's said smudgeproof.. it's not that smudgeproof . It's spreading and my eye circles looks dark.. price reasonable,Amazon
LakmÃ© 9 to 5 Kajal Twin Pack,"Beauty lies in the eyes of the beholder. It's seen in the eyes & defines attitude. Kajal in women's eyes simply magnifies it all. Some prefer it and some do not.

I got it for one of the female members of the family. Was initially skeptical about the genuinity reading other's comments but it turned out well. Relevant details below.

â€¢â€¢â€¢â€¢â€¢â€¢â€¢â€¢â€¢â€¢â€¢â€¢â€¢â€¢â€¢â€¢â€¢â€¢â€¢â€¢
ğŸ INSIDE BOX
â€¢â€¢â€¢â€¢â€¢â€¢â€¢â€¢â€¢â€¢â€¢â€¢â€¢â€¢â€¢â€¢â€¢â€¢â€¢â€¢

â†’ Lakme Kajal Pencil- 2 nos
â†’ 0.35g each

â€¢â€¢â€¢â€¢â€¢â€¢â€¢â€¢â€¢â€¢â€¢â€¢
â• PROS
â€¢â€¢â€¢â€¢â€¢â€¢â€¢â€¢â€¢â€¢â€¢â€¢

1. Long-lasting kajal pencil with long kajal lead.
2. Smudge-free application. Unlike local kajal, it does not smudge much after application.
3. Rotate to extend kajal lead prevents wastage as is the case with wooden kajal pencil where you need to sharpen it. Lots of kajal is wasted with the sharpener.
4. One pencil may last for months based on moderate usage.
5. Dual pencil pack with extra savings.
6. Kajal is waterproof & safe for eyes.

â€¢â€¢â€¢â€¢â€¢â€¢â€¢â€¢â€¢â€¢â€¢â€¢â€¢
â– CONS
â€¢â€¢â€¢â€¢â€¢â€¢â€¢â€¢â€¢â€¢â€¢â€¢â€¢â€¢

I did not find any cons as such in this Lakme kajal.
So a 5-star â˜…â˜…â˜…â˜…â˜… product.

â€¢â€¢â€¢â€¢â€¢â€¢â€¢â€¢â€¢â€¢â€¢â€¢â€¢â€¢â€¢â€¢â€¢â€¢â€¢â€¢â€¢â€¢â€¢â€¢â€¢â€¢â€¢â€¢â€¢â€¢â€¢â€¢â€¢â€¢â€¢â€¢â€¢â€¢â€¢â€¢â€¢â€¢â€¢â€¢â€¢â€¢â€¢â€¢â€¢â€¢â€¢â€¢â€¢
âœ” GENUINITY & DAMAGED PENCIL ISSUE
â€¢â€¢â€¢â€¢â€¢â€¢â€¢â€¢â€¢â€¢â€¢â€¢â€¢â€¢â€¢â€¢â€¢â€¢â€¢â€¢â€¢â€¢â€¢â€¢â€¢â€¢â€¢â€¢â€¢â€¢â€¢â€¢â€¢â€¢â€¢â€¢â€¢â€¢â€¢â€¢â€¢â€¢â€¢â€¢â€¢â€¢â€¢â€¢â€¢â€¢â€¢â€¢â€¢

Again, as i always say. Be proactive and research well before ordering from any seller to avoid the issues. Check seller ratings, Amazon fulfilled tag, etc. Not every seller here is there to dupe you. They too source material from retailers and wholesalers.

And if you are unfortunate, contact Amazon with your issue. Its mentioned on the website ""This item isn't eligible for return. However, if you've received a damaged, defective, or different item, you may contact us for the next steps.""
But since this product is directly non-returnable due to its nature, be proactive and avoid troubles in the first place.

One thing that may help everyone is to make a video while opening any item received. This will act as proof (in case there's an issue) that it was sent to you that way while making a request to the care person. A minute video can save you troubles later on.

â–¶ In my case pencil was intact with no damage to kajal lead or outer casing. Also, it's the same as the one sourced from the local shop. I have attached genuine hologram pics to compare. The fake ones have a different hologram.

â€¢â€¢â€¢â€¢â€¢â€¢â€¢â€¢â€¢â€¢â€¢â€¢â€¢â€¢â€¢â€¢â€¢â€¢â€¢â€¢â€¢â€¢â€¢â€¢â€¢â€¢â€¢â€¢â€¢â€¢â€¢â€¢â€¢â€¢â€¢â€¢â€¢â€¢â€¢â€¢â€¢â€¢â€¢â€¢â€¢â€¢â€¢â€¢â€¢â€¢â€¢â€¢â€¢â€¢â€¢â€¢â€¢â€¢â€¢â€¢â€¢â€¢â€¢â€¢â€¢â€¢â€¢â€¢â€¢â€¢â€¢â€¢â€¢â€¢â€¢â€¢â€¢â€¢â€¢â€¢â€¢â€¢â€¢â€¢â€¢â€¢â€¢â€¢â€¢â€¢â€¢
ğŸ“Š CHARACTERISTICS OF GENUINE LAKME HOLOGRAM: (visible in pics)
â€¢â€¢â€¢â€¢â€¢â€¢â€¢â€¢â€¢â€¢â€¢â€¢â€¢â€¢â€¢â€¢â€¢â€¢â€¢â€¢â€¢â€¢â€¢â€¢â€¢â€¢â€¢â€¢â€¢â€¢â€¢â€¢â€¢â€¢â€¢â€¢â€¢â€¢â€¢â€¢â€¢â€¢â€¢â€¢â€¢â€¢â€¢â€¢â€¢â€¢â€¢â€¢â€¢â€¢â€¢â€¢â€¢â€¢â€¢â€¢â€¢â€¢â€¢â€¢â€¢â€¢â€¢â€¢â€¢â€¢â€¢â€¢â€¢â€¢â€¢â€¢â€¢â€¢â€¢â€¢â€¢â€¢â€¢â€¢â€¢â€¢â€¢â€¢â€¢â€¢â€¢

1. Small lettered LAKME written all over horizontally.
2. Central region had the 3D effect of a hemisphere with LAKME written on top and bigger font EYE CO NIC written in 3 separate lines.
3. A big L visible in the central region surrounding hemisphere.
4. Pacman type figure covering two sides of L in point 3.
5. The hologram is under lamination and so is not removable.

If you don't find the above characteristics, don't even open it from the back and contact Amazon.

â–¶ A genuine hologram is authentic because its exact design is not at all easily reproducible. One needs the costly master die to reproduce the hologram while hologram manufacturers do not manufacture any brand-specific die or hologram without sufficient documentation authenticating the ownership of the brand name.

â€¢â€¢â€¢â€¢â€¢â€¢â€¢â€¢â€¢â€¢â€¢â€¢â€¢â€¢â€¢â€¢
ğŸ† VERDICT
â€¢â€¢â€¢â€¢â€¢â€¢â€¢â€¢â€¢â€¢â€¢â€¢â€¢â€¢â€¢â€¢

Its no doubt a wonderful product which eases the application of Kajal for Kajal lovers. Moreover, it's smudge-free and waterproof too. So it's highly recommended. I hope that you receive a genuine product. Be sure to check the genunity based on the above criteria and report to Amazon if it's not.",Amazon
LakmÃ© 9 to 5 Kajal Twin Pack,"Packing anf quality is very good, no eye irritation, proper length, easy to use.",Amazon
LakmÃ© 9 to 5 Kajal Twin Pack,"Smudge resistance, even coverage, good quality,easy to use and in good quantity",Amazon
LakmÃ© 9 to 5 Kajal Twin Pack,"Smudge resistance, even coverage, good quality.",Amazon
LakmÃ© 9 to 5 Kajal Twin Pack,Very smooth and easy to use,Amazon
LakmÃ© 9 to 5 Kajal Twin Pack,Ø±Ø§Ø¦Ø¹,Amazon
LakmÃ© 9 to 5 Kajal Twin Pack,Perfect and recieved in good package.,Amazon
LakmÃ© 9 to 5 Kajal Twin Pack,"Ils tiennent plus longtemps que tous mes autres crayons noirs.
TrÃ¨s bien",Amazon
LakmÃ© 9 to 5 Kajal Twin Pack,5Kajal Lover ğŸ˜â¤,Flipkart
LakmÃ© 9 to 5 Kajal Twin Pack,5,Flipkart
LakmÃ© 9 to 5 Kajal Twin Pack,Kajal Lover ğŸ˜â¤,Flipkart
LakmÃ© 9 to 5 Kajal Twin Pack,4Absolutely good product. Stays longer and smudge proof.,Flipkart
LakmÃ© 9 to 5 Kajal Twin Pack,4,Flipkart
LakmÃ© 9 to 5 Kajal Twin Pack,Absolutely good product. Stays longer and smudge proof.,Flipkart
LakmÃ© 9 to 5 Kajal Twin Pack,4it gives a bold look for ur eyes and very good product tq flipkart,Flipkart
LakmÃ© 9 to 5 Kajal Twin Pack,4,Flipkart
LakmÃ© 9 to 5 Kajal Twin Pack,it gives a bold look for ur eyes and very good product tq flipkart,Flipkart
Puma Women's Pacific Maze Sneaker,Good and light weight,Amazon
Puma Women's Pacific Maze Sneaker,Very comfortable shoes and received as per the photo loved it must buy,Amazon
Puma Women's Pacific Maze Sneaker,The shoes are good and comfortable. Worth the money.,Amazon
Puma Women's Pacific Maze Sneaker,"I returned the product due to poor outer sole. Even in a week's time, neither the pickup was made and nor the refund is issued.",Amazon
Puma Women's Pacific Maze Sneaker,Nice product,Amazon
Puma Women's Pacific Maze Sneaker,I have written this review after 2 years of purchase and I have to say it's gualtiy is so good so light weight afforable in this range,Amazon
Puma Women's Pacific Maze Sneaker,After 2 months shoes condition is very poor it's a cheap material product,Amazon
Puma Women's Pacific Maze Sneaker,She loved it. Comfortable! Would update with update after a month.,Amazon
Puma Women's Pacific Maze Sneaker,3light weight lets see how long will go but right its in good condition,Flipkart
Puma Women's Pacific Maze Sneaker,3,Flipkart
Puma Women's Pacific Maze Sneaker,light weight lets see how long will go but right its in good condition,Flipkart
Puma Women's Pacific Maze Sneaker,5Amazing product.. very comfortable and light weight.,Flipkart
Puma Women's Pacific Maze Sneaker,5,Flipkart
Puma Women's Pacific Maze Sneaker,Amazing product.. very comfortable and light weight.,Flipkart
Puma Women's Pacific Maze Sneaker,5Great purchase. Very comfortable and gives a classy lookâœ¨.,Flipkart
Puma Women's Pacific Maze Sneaker,5,Flipkart
Puma Women's Pacific Maze Sneaker,Great purchase. Very comfortable and gives a classy lookâœ¨.,Flipkart
